,HDFCBANK.NS,HINDALCO.NS,ICICIBANK.NS,INFY.NS,M&M.NS,MARUTI.NS,TATASTEEL.NS,TCS.NS
2018-01-01,432.6889953613281,257.23236083984375,298.0550231933594,415.2442321777344,692.0093383789062,8962.4931640625,55.28141403198242,1069.273193359375
2018-01-02,436.8537292480469,257.94384765625,297.4787292480469,413.6973571777344,699.6761474609375,8871.6328125,55.82489776611328,1063.4530029296875
2018-01-03,432.2574157714844,262.3077392578125,302.5696105957031,410.322509765625,701.5347290039062,8743.9990234375,56.25737380981445,1066.4642333984375
2018-01-04,433.9489440917969,265.4383850097656,302.2814636230469,407.95220947265625,702.5570068359375,8715.818359375,58.19398880004883,1073.9208984375
2018-01-05,434.81219482421875,262.2128601074219,300.55242919921875,406.58624267578125,702.8821411132812,8760.0166015625,58.9938850402832,1086.894775390625
2018-01-08,434.1123046875,261.9757080078125,301.75311279296875,416.2486877441406,706.181396484375,8774.0390625,58.84461975097656,1097.079833984375
2018-01-09,434.8355712890625,257.5644226074219,300.2642822265625,418.3780212402344,708.551025390625,8713.310546875,59.11637496948242,1094.8974609375
2018-01-10,434.95220947265625,255.00299072265625,299.68792724609375,422.75726318359375,706.1348266601562,8706.16015625,59.1584587097168,1134.344482421875
2018-01-11,436.90045166015625,254.00689697265625,297.2866516113281,432.21881103515625,712.4541625976562,8672.685546875,59.01301956176758,1127.8372802734375
2018-01-12,435.2088928222656,255.05043029785156,305.1630554199219,433.2835388183594,713.2440185546875,8783.5107421875,58.95944595336914,1122.11865234375
2018-01-15,442.7799987792969,253.01080322265625,316.3052673339844,434.36822509765625,705.5307006835938,8690.00390625,59.97368240356445,1109.892578125
2018-01-16,443.3400573730469,247.17642211914062,320.9158935546875,451.1217346191406,693.9144897460938,8656.203125,58.61498260498047,1152.2291259765625
2018-01-17,441.0885314941406,249.2635040283203,329.70477294921875,462.8734436035156,692.6597900390625,8648.63671875,59.246490478515625,1167.6279296875
2018-01-18,451.30780029296875,240.86776733398438,332.4903259277344,463.1144714355469,705.5772705078125,8699.521484375,57.54335021972656,1179.44970703125
2018-01-19,455.4842224121094,244.75730895996094,339.6463317871094,459.398193359375,711.2925415039062,8657.96875,57.6390266418457,1196.0616455078125
2018-01-22,458.085693359375,242.0061798095703,337.6291809082031,462.02972412109375,705.9024658203125,8645.107421875,57.577789306640625,1262.5430908203125
2018-01-23,455.2742614746094,251.3506317138672,348.0030212402344,472.91766357421875,714.6844482421875,8722.45703125,59.686622619628906,1256.7091064453125
2018-01-24,456.7558288574219,245.42138671875,338.82989501953125,476.4128723144531,701.9994506835938,8761.0400390625,58.33559799194336,1286.1214599609375
2018-01-25,460.792236328125,245.6585693359375,346.5622253417969,472.23468017578125,704.229736328125,8615.486328125,58.875247955322266,1264.4268798828125
2018-01-29,466.55517578125,245.32652282714844,343.5365295410156,475.2478332519531,710.3167114257812,8942.80859375,59.9468879699707,1295.9459228515625
2018-01-30,465.5868835449219,240.53573608398438,339.3102111816406,470.3261413574219,710.8279418945312,8887.8818359375,59.388099670410156,1277.3101806640625
2018-01-31,467.9667053222656,243.00228881835938,339.02203369140625,462.1302185058594,709.1085205078125,8830.451171875,56.645931243896484,1260.90234375
2018-02-01,464.5719909667969,243.09715270996094,332.5384216308594,459.8602294921875,742.284912109375,8730.302734375,55.97908020019531,1271.5369873046875
2018-02-02,454.50433349609375,237.025634765625,321.8763732910156,459.3178405761719,715.799560546875,8348.4267578125,53.86605453491211,1277.6341552734375
2018-02-05,446.5364685058594,233.9424591064453,316.68951416015625,457.2889709472656,706.73876953125,8431.9990234375,53.35186004638672,1257.195068359375
2018-02-06,442.5584411621094,231.8553924560547,317.6500549316406,445.05517578125,698.6539916992188,8342.85546875,53.38801193237305,1214.271728515625
2018-02-07,436.958740234375,233.37327575683594,319.4270324707031,445.5775146484375,694.2860107421875,8284.541015625,53.171085357666016,1197.175537109375
2018-02-08,438.8603210449219,232.6143341064453,320.6757507324219,455.7019348144531,699.0255126953125,8385.6640625,53.94639205932617,1204.933837890625
2018-02-09,431.52239990234375,231.00157165527344,313.85589599609375,445.61761474609375,697.0275268554688,8297.8203125,55.059146881103516,1203.9210205078125
2018-02-12,437.8570251464844,230.764404296875,313.3755798339844,443.06646728515625,693.263916015625,8466.5888671875,57.29269027709961,1202.138427734375
2018-02-14,439.37359619140625,230.764404296875,306.36370849609375,441.03759765625,694.146728515625,8358.6416015625,56.8829460144043,1179.653564453125
2018-02-15,439.0819396972656,238.59095764160156,315.6808776855469,447.7469787597656,696.376953125,8375.958984375,56.28438186645508,1185.3458251953125
2018-02-16,438.3120422363281,234.93856811523438,308.38079833984375,453.2110595703125,691.1729736328125,8205.7529296875,55.416683197021484,1188.2625732421875
2018-02-19,438.2186584472656,234.84373474121094,307.1321105957031,454.6975402832031,673.4231567382812,8101.66015625,52.13064193725586,1184.43408203125
2018-02-20,434.7188415527344,236.02955627441406,304.7308044433594,456.7866516113281,658.8795166015625,8099.6171875,52.327484130859375,1193.002685546875
2018-02-21,433.36566162109375,228.2978515625,306.60382080078125,460.9851989746094,658.3219604492188,8155.42333984375,51.49593734741211,1232.5228271484375
2018-02-22,432.38568115234375,227.5863494873047,305.7873840332031,466.34869384765625,670.9140014648438,8017.34521484375,51.2227668762207,1235.7232666015625
2018-02-23,438.7669677734375,233.89503479003906,310.0137634277344,464.29974365234375,667.8473510742188,8077.470703125,54.45256423950195,1246.094970703125
2018-02-26,445.9999084472656,233.56298828125,314.1440734863281,457.4495849609375,683.4130859375,8362.125,54.64939498901367,1228.2283935546875
2018-02-27,443.8999938964844,231.7605438232422,309.4373779296875,462.11016845703125,687.502197265625,8256.1279296875,53.97050857543945,1232.5435791015625
2018-02-28,439.6185607910156,232.80404663085938,300.8885803222656,471.1096496582031,676.861572265625,8218.7529296875,53.958457946777344,1229.5859375
2018-03-01,437.32037353515625,228.440185546875,292.91619873046875,466.34869384765625,680.7646484375,8239.646484375,54.23563003540039,1230.6590576171875
2018-03-05,436.29376220703125,217.81507873535156,291.3793029785156,464.4001770019531,687.3162231445312,8166.8916015625,52.69706726074219,1258.268798828125
2018-03-06,430.7641296386719,214.25753784179688,283.4068603515625,462.5720520019531,669.0089721679688,8001.04833984375,53.00638961791992,1232.7255859375
2018-03-07,427.579345703125,212.9293670654297,275.3863220214844,459.6592712402344,657.7642211914062,8059.17724609375,52.038246154785156,1226.5068359375
2018-03-08,432.3040466308594,211.2692108154297,285.2318420410156,464.7015686035156,675.2817993164062,8105.83740234375,51.090206146240234,1216.9859619140625
2018-03-09,431.88409423828125,208.89752197265625,281.14959716796875,467.4134521484375,677.0010986328125,8041.99755859375,48.74819564819336,1229.20068359375
2018-03-12,435.6639099121094,215.96514892578125,288.785888671875,476.3927917480469,684.9930419921875,8181.0068359375,50.04574203491211,1236.5137939453125
2018-03-13,434.0306091308594,214.54212951660156,292.3398132324219,475.609375,681.182861328125,8130.63134765625,50.523773193359375,1169.5255126953125
2018-03-14,435.022216796875,215.06390380859375,293.9727783203125,474.4042053222656,676.7221069335938,8214.4345703125,49.856937408447266,1169.56591796875
2018-03-15,438.8252868652344,213.35630798339844,289.5542907714844,475.0870666503906,682.9021606445312,8206.3095703125,49.1499137878418,1162.597900390625
2018-03-16,432.33905029296875,210.32052612304688,286.3364562988281,470.8283996582031,688.385009765625,8056.81005859375,48.221954345703125,1144.7720947265625
2018-03-19,430.9974365234375,203.5375518798828,282.9265441894531,460.7240905761719,690.1972045898438,8146.83642578125,46.19328689575195,1146.919189453125
2018-03-20,429.1892395019531,206.14639282226562,280.4772033691406,467.87548828125,688.5708618164062,8173.67041015625,47.64347839355469,1160.6329345703125
2018-03-21,433.71563720703125,203.67984008789062,277.7876892089844,469.0606689453125,692.6597900390625,8240.759765625,46.779788970947266,1157.3511962890625
2018-03-22,435.7804870605469,205.67205810546875,272.072509765625,466.5697021484375,679.1849365234375,8075.380859375,46.67132568359375,1147.061279296875
2018-03-23,429.6675720214844,195.52127075195312,264.67633056640625,469.1007385253906,681.0899658203125,7992.45947265625,45.51438903808594,1141.713623046875
2018-03-26,441.77679443359375,199.74285888671875,270.5356140136719,464.1390075683594,693.7285766601562,8139.22021484375,46.72355270385742,1141.2474365234375
2018-03-27,441.57843017578125,207.28477478027344,272.69677734375,463.6367492675781,692.2416381835938,8220.005859375,47.4024543762207,1153.685302734375
2018-03-28,440.0618896484375,203.5375518798828,267.3658752441406,454.7176513671875,686.665771484375,8228.1767578125,45.879947662353516,1154.2723388671875
2018-04-02,450.58453369140625,200.4069366455078,251.51698303222656,456.86712646484375,695.1690063476562,8364.7705078125,46.50260543823242,1178.782958984375
2018-04-03,447.0147399902344,197.27630615234375,259.3933410644531,458.19281005859375,715.6602172851562,8381.71875,46.57492446899414,1179.430908203125
2018-04-04,439.3968811035156,190.49330139160156,258.0486145019531,451.66424560546875,703.068115234375,8369.693359375,45.03635025024414,1179.288818359375
2018-04-05,445.381591796875,203.15806579589844,267.65399169921875,461.0454406738281,719.8421020507812,8480.2841796875,46.63517379760742,1198.3504638671875
2018-04-06,448.7646484375,203.0157928466797,269.5750732421875,452.7890930175781,717.3795166015625,8548.62890625,47.177494049072266,1195.2509765625
2018-04-09,452.4161071777344,209.98849487304688,269.7671813964844,446.46136474609375,730.6220703125,8628.9033203125,47.09313201904297,1184.5555419921875
2018-04-10,448.16973876953125,218.1945343017578,277.4034729003906,447.32525634765625,722.6300659179688,8611.0751953125,48.35853576660156,1190.106201171875
2018-04-11,447.7030334472656,222.17892456054688,273.3211975097656,451.6842956542969,733.22412109375,8638.0498046875,48.85264587402344,1221.1185302734375
2018-04-12,450.0245666503906,220.66107177734375,275.43438720703125,467.09197998046875,732.1553955078125,8547.0029296875,48.07733154296875,1271.80029296875
2018-04-13,449.1379699707031,225.59417724609375,276.8751525878906,470.6475830078125,733.7816772460938,8472.2529296875,47.727840423583984,1277.4920654296875
2018-04-16,453.12774658203125,227.1594696044922,276.2508239746094,455.2801208496094,744.7940063476562,8572.5849609375,47.531002044677734,1291.408203125
2018-04-17,454.62091064453125,227.11203002929688,280.237060546875,452.06597900390625,752.1354370117188,8506.0537109375,47.88853073120117,1282.8804931640625
2018-04-18,450.9111633300781,230.33749389648438,278.6041259765625,452.36724853515625,741.8666381835938,8469.9775390625,48.33443069458008,1279.841796875
2018-04-19,452.40447998046875,251.16082763671875,278.1719055175781,455.1394958496094,745.2122802734375,8429.2607421875,49.969417572021484,1292.826416015625
2018-04-20,456.3475341796875,248.64688110351562,271.015869140625,473.4599914550781,742.9818725585938,8380.3701171875,48.70401382446289,1378.4300537109375
2018-04-23,451.6461181640625,242.4805145263672,268.3743896484375,477.1762390136719,766.0287475585938,8417.3740234375,48.736148834228516,1380.9420166015625
2018-04-24,451.47119140625,224.59805297851562,272.8889465332031,463.8376770019531,779.2714233398438,8417.1884765625,48.0090446472168,1371.6240234375
2018-04-25,448.1463928222656,220.13931274414062,267.8941345214844,466.18804931640625,793.4898071289062,8296.427734375,47.09714889526367,1405.8974609375
2018-04-26,450.36285400390625,221.98919677734375,267.84613037109375,472.6563415527344,797.4857788085938,8307.431640625,46.454402923583984,1433.851806640625
2018-04-27,448.7646484375,222.89044189453125,276.53900146484375,476.171875,801.7142333984375,8155.9814453125,47.386383056640625,1398.4840087890625
2018-04-30,453.6410217285156,223.55450439453125,272.98504638671875,481.9170837402344,811.5647583007812,8185.32568359375,47.800148010253906,1430.955078125
2018-05-02,459.5206604003906,216.3446044921875,265.9730529785156,480.9328918457031,802.1322631835938,8119.90625,46.157135009765625,1417.848876953125
2018-05-03,459.1473388671875,219.66497802734375,270.7757568359375,475.1072082519531,803.9445190429688,8130.53955078125,47.036888122558594,1410.59716796875
2018-05-04,463.9537048339844,219.47523498535156,271.68829345703125,471.3105163574219,793.9078979492188,8058.34130859375,46.659278869628906,1410.1519775390625
2018-05-07,461.3638916015625,225.64158630371094,278.3639831542969,475.2879638671875,822.9953002929688,8119.1650390625,47.92066192626953,1385.9251708984375
2018-05-08,458.9490051269531,226.44793701171875,297.094482421875,468.2772521972656,804.13037109375,8148.4140625,47.912628173828125,1394.1285400390625
2018-05-09,461.5971374511719,225.92617797851562,294.69317626953125,470.3463134765625,799.2978515625,8095.6240234375,48.45896530151367,1413.615478515625
2018-05-10,464.9336853027344,228.91452026367188,294.7412109375,469.2615661621094,795.9524536132812,8083.181640625,47.73587417602539,1398.2003173828125
2018-05-11,469.37835693359375,230.24264526367188,298.6794128417969,474.3840637207031,807.6616821289062,8125.29296875,48.788368225097656,1400.5093994140625
2018-05-14,471.7115783691406,229.67344665527344,297.8629455566406,477.81915283203125,792.3746337890625,8085.08544921875,49.037437438964844,1391.0294189453125
2018-05-15,475.4563293457031,231.3810577392578,296.0859680175781,479.92840576171875,787.17041015625,8103.28466796875,50.29079055786133,1410.8199462890625
2018-05-16,472.0848388671875,227.44407653808594,285.5200500488281,478.0802917480469,792.7927856445312,8074.49853515625,49.91317367553711,1415.479248046875
2018-05-17,473.1114196777344,221.08798217773438,284.3193054199219,475.2478332519531,788.9827270507812,8076.26416015625,49.03341293334961,1414.628173828125
2018-05-18,469.4716796875,219.61752319335938,274.8100280761719,475.3683166503906,776.901611328125,7903.03662109375,47.514930725097656,1418.78076171875
2018-05-21,465.01531982421875,216.53433227539062,277.88372802734375,473.8817443847656,767.5621337890625,7826.4765625,46.35799026489258,1440.94140625
2018-05-22,464.28033447265625,222.89044189453125,278.8442687988281,479.6471252441406,771.51171875,7949.1884765625,46.341922760009766,1421.555908203125
2018-05-23,459.05401611328125,218.14707946777344,280.52520751953125,476.0513610839844,772.9984741210938,7890.4560546875,43.389312744140625,1415.9654541015625
2018-05-24,463.37042236328125,222.08407592773438,285.9522705078125,490.5550537109375,783.4533081054688,7809.99462890625,44.044105529785156,1459.962158203125
2018-05-25,468.66668701171875,232.89894104003906,283.983154296875,493.4879455566406,797.067626953125,7937.5810546875,45.654991149902344,1452.71044921875
2018-05-28,476.4828796386719,229.2465362548828,287.44110107421875,487.9034729003906,789.8654174804688,8087.22021484375,46.32986831665039,1418.78076171875
2018-05-29,474.2430419921875,230.0529022216797,278.4600830078125,488.8275146484375,808.7304077148438,8092.419921875,46.22542190551758,1427.470947265625
2018-05-30,477.9178466796875,225.87875366210938,273.6573791503906,486.818603515625,834.4722290039062,7974.77099609375,46.4302978515625,1423.66259765625
2018-05-31,502.36138916015625,222.17892456054688,274.5218811035156,494.8941955566406,857.7050170898438,7927.4130859375,46.24952697753906,1422.4371337890625
2018-06-01,495.587158203125,226.2582244873047,277.88372802734375,490.4746398925781,837.8642578125,8179.658203125,45.04438018798828,1415.4107666015625
2018-06-04,480.4654235839844,229.19912719726562,275.43438720703125,497.9476013183594,849.852294921875,8124.8740234375,45.48626708984375,1425.0516357421875
2018-06-05,484.55120849609375,229.62600708007812,272.8889465332031,490.4947814941406,837.5853881835938,8181.0986328125,45.96431350708008,1406.5462646484375
2018-06-06,483.0835876464844,235.36550903320312,272.69677734375,497.1640319824219,849.66650390625,8210.767578125,46.57892990112305,1409.937255859375
2018-06-07,484.2223815917969,235.83982849121094,279.42059326171875,503.1903991699219,855.2422485351562,8274.74609375,48.374603271484375,1417.94384765625
2018-06-08,481.2052001953125,229.72088623046875,276.8751525878906,506.2441101074219,847.2037963867188,8294.431640625,48.24605178833008,1427.380126953125
2018-06-11,479.54974365234375,232.13999938964844,275.0981750488281,507.18817138671875,852.0361938476562,8378.189453125,47.29399108886719,1429.5040283203125
2018-06-12,479.9136657714844,228.2978515625,276.0586853027344,505.6212158203125,852.733154296875,8372.7119140625,46.59901428222656,1455.0760498046875
2018-06-13,477.00201416015625,232.4246063232422,279.2765808105469,512.1699829101562,852.7796020507812,8326.8388671875,45.602760314941406,1490.2890625
2018-06-14,478.3992004394531,232.1874237060547,273.51324462890625,510.27655029296875,856.8685913085938,8318.1552734375,45.759437561035156,1460.427490234375
2018-06-15,476.5676574707031,225.2146759033203,271.35211181640625,527.379150390625,845.1593017578125,8312.212890625,45.474212646484375,1503.3199462890625
2018-06-18,474.1138916015625,219.1431884765625,281.4377746582031,521.6781616210938,849.2947998046875,8332.5029296875,44.87164306640625,1494.292236328125
2018-06-19,475.13531494140625,214.21011352539062,281.2455749511719,511.0586242675781,828.3853759765625,8229.5712890625,44.5904426574707,1490.6158447265625
2018-06-20,482.80181884765625,214.58958435058594,281.6298522949219,511.6966552734375,840.4663696289062,8309.1494140625,45.253273010253906,1488.9407958984375
2018-06-21,483.142333984375,210.88975524902344,286.1924133300781,513.09619140625,821.13671875,8229.9892578125,44.81138610839844,1486.4080810546875
2018-06-22,489.1886291503906,210.6051483154297,288.785888671875,513.6312255859375,843.9976196289062,8240.9921875,45.14079666137695,1478.6058349609375
2018-06-25,491.9123840332031,207.18991088867188,278.2679748535156,523.7570190429688,841.5814819335938,8164.9423828125,44.879676818847656,1486.326416015625
2018-06-26,491.618896484375,211.50637817382812,276.7311096191406,525.9795532226562,834.5187377929688,8293.41015625,44.1485595703125,1513.083251953125
2018-06-27,496.05682373046875,206.71556091308594,268.0382080078125,522.74853515625,829.5470581054688,8262.720703125,43.64239501953125,1517.985107421875
2018-06-28,500.342041015625,209.7039031982422,260.69012451171875,530.8160400390625,843.5794067382812,8144.79296875,44.0641975402832,1505.4852294921875
2018-06-29,495.082275390625,218.66885375976562,264.5322265625,538.0606079101562,834.239990234375,8195.212890625,45.61481857299805,1509.6107177734375
2018-07-02,486.81707763671875,211.79098510742188,266.45330810546875,549.3797607421875,823.9710083007812,8190.98828125,45.032325744628906,1512.552490234375
2018-07-03,486.1008605957031,214.49472045898438,262.13092041015625,557.2210693359375,830.9874267578125,8334.0830078125,45.474212646484375,1531.0982666015625
2018-07-04,493.9317626953125,212.59735107421875,262.4670715332031,553.7017822265625,836.4703369140625,8562.1865234375,45.883968353271484,1524.6435546875
2018-07-05,498.6748352050781,208.99241638183594,260.83416748046875,528.5110473632812,847.8541259765625,8679.4189453125,45.246124267578125,1536.20458984375
2018-07-06,496.65557861328125,209.1346893310547,259.3933410644531,528.6139526367188,859.5635986328125,8651.978515625,45.26247024536133,1562.879638671875
2018-07-09,499.1210021972656,210.65255737304688,260.4980163574219,534.6234741210938,866.8121337890625,8705.2783203125,45.4342041015625,1538.4102783203125
2018-07-10,503.9932861328125,217.2932891845703,262.6111755371094,535.6731567382812,864.767578125,8850.228515625,46.501365661621094,1531.9559326171875
2018-07-11,504.427734375,209.46673583984375,258.1446228027344,543.514404296875,865.1858520507812,8714.3798828125,45.4423828125,1617.577880859375
2018-07-12,508.5837707519531,208.99241638183594,261.5545959472656,532.771240234375,857.97216796875,8679.37109375,45.401493072509766,1610.592041015625
2018-07-13,512.09423828125,207.52195739746094,257.18414306640625,542.2590942382812,849.4467163085938,8757.4169921875,45.67953109741211,1618.557861328125
2018-07-16,509.2647399902344,202.11453247070312,249.01956176757812,548.6182861328125,843.4977416992188,8714.9365234375,42.4616813659668,1625.1751708984375
2018-07-17,511.11968994140625,208.23345947265625,255.93545532226562,546.580810546875,864.2021484375,8770.7431640625,43.532936096191406,1639.0516357421875
2018-07-18,510.99053955078125,201.49789428710938,252.33340454101562,544.3787231445312,845.4651489257812,8697.755859375,41.23505783081055,1637.4964599609375
2018-07-19,513.315185546875,187.4575653076172,250.8926544189453,541.9708251953125,855.3489379882812,8718.462890625,40.777122497558594,1622.064697265625
2018-07-20,514.0079345703125,185.60765075683594,255.3111114501953,554.8953857421875,852.3041381835938,8727.611328125,41.14918899536133,1634.5081787109375
2018-07-23,506.3531494140625,186.0819854736328,264.67633056640625,558.1265869140625,852.9130859375,9008.0869140625,42.269508361816406,1641.9166259765625
2018-07-24,507.1280212402344,196.94427490234375,263.5237121582031,566.8527221679688,862.2816772460938,9130.1484375,43.12814712524414,1636.4730224609375
2018-07-25,509.6169128417969,198.2724151611328,263.8118591308594,569.5693969726562,852.6320190429688,9061.8974609375,43.83141326904297,1622.146728515625
2018-07-26,514.8414916992188,195.9481658935547,274.3777770996094,565.24755859375,855.9109497070312,8725.1044921875,43.73737335205078,1608.393310546875
2018-07-27,517.0838623046875,202.44659423828125,281.6298522949219,565.3297119140625,852.3978271484375,8645.384765625,44.992618560791016,1591.2425537109375
2018-07-30,509.5112609863281,200.4069366455078,295.2214660644531,556.0891723632812,874.3201904296875,8711.779296875,45.221588134765625,1591.938232421875
2018-07-31,511.76544189453125,202.44659423828125,292.2437744140625,561.8928833007812,876.8497924804688,8840.5244140625,46.04343032836914,1588.3365478515625
2018-08-01,506.8813781738281,197.32374572753906,287.48907470703125,557.3446655273438,871.0413208007812,8674.3583984375,45.4505615234375,1618.0531005859375
2018-08-02,500.1894836425781,197.22886657714844,286.76873779296875,557.1798095703125,853.7562866210938,8489.384765625,45.32789993286133,1595.04931640625
2018-08-03,498.1817626953125,200.73898315429688,292.96417236328125,561.4812622070312,862.515869140625,8530.7998046875,45.34016036987305,1620.468505859375
2018-08-06,496.45599365234375,205.0079803466797,302.6656494140625,560.061279296875,873.52392578125,8623.1005859375,45.242034912109375,1617.2757568359375
2018-08-07,500.35382080078125,207.7591094970703,300.7926025390625,563.0660400390625,868.4649658203125,8739.263671875,46.86935043334961,1610.5631103515625
2018-08-08,501.6335144042969,209.2770233154297,306.1235656738281,560.9256591796875,869.682861328125,8549.7421875,47.22508239746094,1616.0068359375
2018-08-09,497.4422302246094,215.77540588378906,319.8592529296875,568.0053100585938,874.2734375,8492.775390625,47.91607666015625,1616.293212890625
2018-08-10,496.49114990234375,211.2692108154297,315.63287353515625,570.2691040039062,886.2183227539062,8494.8173828125,47.15965270996094,1631.64306640625
2018-08-13,491.1375427246094,210.27310180664062,312.0788879394531,579.8597412109375,894.2284545898438,8432.2314453125,46.51363754272461,1637.4140625
2018-08-14,490.53887939453125,210.08335876464844,319.3309631347656,579.674560546875,890.4341430664062,8555.6591796875,47.34364700317383,1640.1978759765625
2018-08-16,487.392333984375,205.0079803466797,321.1079406738281,588.4212646484375,891.18359375,8619.31640625,46.41141128540039,1644.25
2018-08-17,487.7797546386719,208.42318725585938,326.58306884765625,588.7506103515625,900.786376953125,8573.9267578125,47.441776275634766,1647.7294921875
2018-08-20,492.2059020996094,215.01646423339844,325.09417724609375,569.7752685546875,908.3280639648438,8501.0888671875,49.01594543457031,1645.4371337890625
2018-08-21,492.1706848144531,214.77928161621094,325.4784240722656,569.6516723632812,897.3200073242188,8537.5791015625,47.605323791503906,1651.74072265625
2018-08-23,488.3785705566406,209.7039031982422,323.8935546875,575.18798828125,902.2853393554688,8640.630859375,46.74668884277344,1666.0260009765625
2018-08-24,486.0187683105469,210.70001220703125,318.5387268066406,567.3261108398438,907.1570434570312,8584.888671875,47.0697021484375,1672.4932861328125
2018-08-27,488.5076904296875,218.4316864013672,327.9458312988281,582.5969848632812,914.7923583984375,8661.19140625,47.527645111083984,1678.9608154296875
2018-08-28,491.888916015625,226.73255920410156,326.98101806640625,586.425048828125,918.5867309570312,8832.349609375,48.2758903503418,1693.9420166015625
2018-08-29,488.0497741699219,224.6929168701172,328.66943359375,580.4154663085938,921.72509765625,8776.2802734375,48.59071731567383,1696.2337646484375
2018-08-30,485.13818359375,227.9183807373047,332.23931884765625,582.9261474609375,920.8820190429688,8624.2353515625,49.747833251953125,1704.747802734375
2018-08-31,483.98760986328125,225.73646545410156,330.5508728027344,593.1753540039062,904.346435546875,8521.7451171875,49.105899810791016,1701.473388671875
2018-09-03,487.2397155761719,227.11203002929688,322.3980712890625,590.3558959960938,887.9514770507812,8339.767578125,49.12635040283203,1680.59765625
2018-09-04,481.7803955078125,223.03274536132812,316.94677734375,606.8410034179688,872.9149169921875,8308.2421875,48.496681213378906,1718.25537109375
2018-09-05,480.38330078125,227.63380432128906,318.05633544921875,600.8726196289062,870.71337890625,8334.1005859375,48.60707473754883,1702.1688232421875
2018-09-06,481.8743591308594,223.3173370361328,317.0914611816406,598.6087646484375,875.9129028320312,8206.4560546875,49.089542388916016,1698.935546875
2018-09-07,482.9896545410156,230.10035705566406,323.3146057128906,603.2599487304688,912.2160034179688,8168.37548828125,50.63100814819336,1702.6605224609375
2018-09-10,479.2796630859375,223.6019287109375,321.1919860839844,601.6546630859375,878.1613159179688,8093.61572265625,50.181243896484375,1703.3973388671875
2018-09-11,469.7112731933594,219.71241760253906,315.0653076171875,604.4946899414062,883.59521484375,7978.99560546875,48.41899108886719,1675.1539306640625
2018-09-12,472.3998107910156,226.864501953125,311.543701171875,611.5745239257812,878.9108276367188,7957.35498046875,49.51887130737305,1673.271240234375
2018-09-14,476.5676574707031,234.0642547607422,316.80206298828125,604.0009765625,891.7925415039062,8081.7197265625,50.2916374206543,1690.831298828125
2018-09-17,467.7857971191406,230.15447998046875,314.2452392578125,597.620849609375,890.808837890625,7998.43408203125,50.406124114990234,1697.994140625
2018-09-18,467.0813903808594,223.2884521484375,307.63616943359375,591.981689453125,886.780517578125,7868.54296875,50.10765075683594,1695.2103271484375
2018-09-19,460.5419616699219,224.71885681152344,309.6623229980469,592.5169677734375,888.9819946289062,7691.669921875,50.79864501953125,1701.063720703125
2018-09-21,462.63177490234375,229.24853515625,305.94769287109375,580.6212158203125,899.2874755859375,7532.22314453125,51.12165451049805,1721.7349853515625
2018-09-24,452.1709899902344,228.77171325683594,297.891357421875,591.2821044921875,839.4691772460938,7300.73291015625,49.694679260253906,1799.752197265625
2018-09-25,458.4403991699219,231.77560424804688,300.1587219238281,597.82666015625,836.6118774414062,7494.09423828125,49.14678955078125,1787.2674560546875
2018-09-26,462.150390625,236.44827270507812,302.08837890625,590.9527587890625,836.939697265625,7347.10595703125,49.79281234741211,1753.661865234375
2018-09-27,464.01715087890625,232.586181640625,295.8652038574219,596.6741943359375,822.043701171875,7075.89453125,50.0095100402832,1791.8929443359375
2018-09-28,471.03790283203125,218.99717712402344,294.8038635253906,600.9960327148438,806.5855712890625,6883.7529296875,47.5317268371582,1787.6767578125
2018-10-01,477.9412536621094,231.63255310058594,302.9566955566406,614.6616821289062,794.0785522460938,6992.423828125,47.69119644165039,1846.4970703125
2018-10-03,476.931640625,241.979248046875,293.01898193359375,599.7201538085938,741.6146240234375,6788.2421875,47.39680480957031,1770.6080322265625
2018-10-04,459.6966247558594,240.16737365722656,305.3687744140625,582.1853637695312,744.5189819335938,6743.97705078125,47.61759567260742,1690.3399658203125
2018-10-05,461.469482421875,229.86837768554688,296.49237060546875,596.509521484375,720.95703125,6468.17578125,46.44821548461914,1721.3255615234375
2018-10-08,456.7028503417969,212.2265167236328,299.91748046875,588.1537475585938,725.92236328125,6454.498046875,45.77766036987305,1700.777587890625
2018-10-09,455.66973876953125,213.84765625,295.47930908203125,590.8704223632812,716.5068969726562,6276.22021484375,46.816200256347656,1712.443359375
2018-10-10,461.90386962890625,216.37474060058594,308.6009826660156,576.6287231445312,715.8511962890625,6544.52685546875,47.72798538208008,1672.9844970703125
2018-10-11,454.9535217285156,206.45718383789062,300.7376403808594,554.319091796875,684.0449829101562,6441.1484375,45.397403717041016,1620.8775634765625
2018-10-12,465.35552978515625,216.18402099609375,308.1667785644531,558.8057250976562,719.973388671875,6826.83984375,47.14330291748047,1570.408203125
2018-10-15,471.50750732421875,220.999755859375,302.32958984375,575.270263671875,701.7046508789062,6728.2861328125,46.611759185791016,1595.949951171875
2018-10-16,467.91497802734375,219.85543823242188,309.37286376953125,572.3478393554688,728.5924682617188,6699.150390625,46.84073257446289,1606.428955078125
2018-10-17,463.6531982421875,217.18533325195312,303.7285461425781,580.662353515625,711.4479370117188,6450.6103515625,45.35651779174805,1579.4952392578125
2018-10-19,462.04473876953125,216.47010803222656,304.355712890625,562.7161865234375,694.3972778320312,6329.619140625,45.381046295166016,1566.2330322265625
2018-10-22,469.3590393066406,213.60926818847656,315.5959777832031,559.75244140625,687.4176025390625,6381.84716796875,44.54694366455078,1557.882568359375
2018-10-23,466.0599670410156,209.3179931640625,311.4954528808594,541.3534545898438,683.8575439453125,6343.53125,44.616455078125,1512.4752197265625
2018-10-24,467.797607421875,219.1879119873047,310.6754150390625,534.9321899414062,689.7597045898438,6340.72021484375,44.980350494384766,1516.4542236328125
2018-10-25,462.2912902832031,212.0358428955078,308.6974792480469,539.8837890625,687.4176025390625,6298.4697265625,44.62872314453125,1520.14599609375
2018-10-26,460.5067443847656,210.98684692382812,304.5486755371094,527.2760620117188,682.218017578125,6292.94189453125,45.10301208496094,1475.927978515625
2018-10-29,452.3119812011719,213.7523193359375,337.1116943359375,536.5549926757812,702.173095703125,6369.2001953125,46.914329528808594,1534.912841796875
2018-10-30,449.1302490234375,213.513916015625,333.5418701171875,548.9130249023438,699.1751708984375,6273.9248046875,46.16200256347656,1554.4375
2018-10-31,448.8954162597656,210.17626953125,342.5147705078125,571.2158203125,717.5842895507812,6198.41650390625,45.29108810424805,1590.00048828125
2018-11-01,449.0011291503906,220.5229949951172,341.260498046875,554.8215942382812,708.3095092773438,6287.74365234375,45.51597595214844,1588.0316162109375
2018-11-02,457.74774169921875,229.2961883544922,341.984130859375,551.1182861328125,734.072998046875,6684.6767578125,46.94295120239258,1569.7374267578125
2018-11-05,459.2857360839844,231.10809326171875,337.3529052734375,554.2390747070312,726.4844360351562,6723.8359375,47.220985412597656,1551.1966552734375
2018-11-06,457.0668029785156,231.3464813232422,340.6816101074219,554.613525390625,729.2481689453125,6628.044921875,47.08197021484375,1585.529296875
2018-11-07,459.7436218261719,232.7292022705078,343.3830871582031,562.1448364257812,742.8325805664062,6677.60302734375,47.4499626159668,1593.2818603515625
2018-11-09,456.7967224121094,227.72276306152344,344.2997131347656,548.829833984375,745.0341186523438,6823.373046875,46.79167175292969,1566.2506103515625
2018-11-12,451.0792236328125,218.61572265625,339.95794677734375,552.7410888671875,731.59033203125,6640.03662109375,47.66257095336914,1570.8857421875
2018-11-13,452.6523742675781,220.80906677246094,348.2072448730469,553.9894409179688,740.1626586914062,6698.72802734375,48.18184280395508,1587.375244140625
2018-11-14,459.6966247558594,218.85414123535156,353.706787109375,543.5870361328125,721.00390625,6903.5185546875,48.173667907714844,1542.828857421875
2018-11-15,463.7823181152344,222.76397705078125,356.98724365234375,546.2500610351562,718.099609375,7005.8671875,48.19411087036133,1536.4305419921875
2018-11-16,470.62701416015625,219.2832794189453,354.6233825683594,541.63134765625,719.1301879882812,6877.427734375,46.94704055786133,1547.710693359375
2018-11-19,472.88116455078125,223.57455444335938,349.65447998046875,542.3387451171875,732.0119018554688,6943.42724609375,47.62577438354492,1560.71337890625
2018-11-20,472.5406799316406,211.65438842773438,345.3127746582031,533.76708984375,733.1830444335938,6870.63671875,46.06387710571289,1540.8604736328125
2018-11-21,474.01995849609375,212.7987060546875,344.20318603515625,515.2092895507812,720.5354614257812,6955.46630859375,45.09075164794922,1486.5107421875
2018-11-22,470.9087829589844,207.9829559326172,339.66851806640625,516.5822143554688,698.9876708984375,6942.912109375,44.12989044189453,1486.9619140625
2018-11-26,481.310791015625,208.65049743652344,343.8172912597656,517.1650390625,700.6741943359375,7077.44140625,43.39800262451172,1514.4852294921875
2018-11-27,484.6451110839844,209.69944763183594,342.17706298828125,531.6866455078125,704.281005859375,7164.4716796875,42.71109390258789,1550.7049560546875
2018-11-28,490.5739440917969,206.02806091308594,346.37408447265625,554.5719604492188,701.1426391601562,7095.70947265625,42.84602355957031,1627.5325927734375
2018-11-29,500.3890075683594,214.08607482910156,349.4615783691406,550.1196899414062,724.3765869140625,7069.9931640625,43.631065368652344,1608.376708984375
2018-11-30,499.7784729003906,215.7072296142578,342.65948486328125,555.4456787109375,740.958984375,7177.587890625,43.29987716674805,1614.693603515625
2018-12-03,496.2211608886719,222.23947143554688,342.9971923828125,557.8590698242188,712.9937133789062,7288.46142578125,44.003143310546875,1626.302001953125
2018-12-04,489.7052001953125,222.5255584716797,345.36102294921875,570.2586669921875,693.5540161132812,7233.84375,44.01131820678711,1649.6417236328125
2018-12-05,492.91033935546875,211.08221435546875,339.0413818359375,567.0547485351562,672.7089233398438,7076.8310546875,42.334930419921875,1646.2777099609375
2018-12-06,492.405517578125,207.792236328125,335.4232482910156,556.3195190429688,666.0573120117188,6754.23583984375,41.72161865234375,1634.75146484375
2018-12-07,494.88275146484375,208.65049743652344,339.8132629394531,568.2197265625,675.56640625,6851.8994140625,41.64801788330078,1636.802490234375
2018-12-10,490.4566345214844,207.792236328125,334.16900634765625,556.9020385742188,665.6826171875,6886.140625,41.12057113647461,1620.8873291015625
2018-12-11,483.6001892089844,206.21876525878906,330.74383544921875,561.3126220703125,676.7374267578125,6843.84375,40.948848724365234,1640.7406005859375
2018-12-12,489.6465148925781,211.03451538085938,337.64239501953125,564.641357421875,703.3909912109375,6999.82470703125,42.54345703125,1654.5225830078125
2018-12-13,493.40350341796875,210.08091735839844,337.25640869140625,580.6610717773438,711.2605590820312,7185.92529296875,41.88925552368164,1626.4659423828125
2018-12-14,492.0884704589844,209.9378662109375,339.5237731933594,587.568359375,709.4336547851562,7178.10302734375,41.99556350708008,1632.331787109375
2018-12-17,500.1894836425781,214.9920196533203,345.84344482421875,577.873291015625,708.5904541015625,7245.4599609375,42.85011672973633,1636.064697265625
2018-12-18,501.4220886230469,214.80128479003906,349.5097961425781,563.0601806640625,722.2686157226562,7281.34033203125,43.095436096191406,1630.77294921875
2018-12-19,498.6044006347656,216.6131591796875,353.6103210449219,553.2819213867188,733.2298583984375,7434.65234375,43.12814712524414,1614.857666015625
2018-12-20,501.89178466796875,213.513916015625,349.41326904296875,555.1127319335938,745.2216186523438,7313.84814453125,42.796958923339844,1603.044677734375
2018-12-21,495.7162170410156,213.60926818847656,341.742919921875,537.7616577148438,731.8245239257812,7060.20263671875,42.539363861083984,1555.257568359375
2018-12-24,488.55462646484375,207.74456787109375,340.3439025878906,540.0918579101562,738.85107421875,7053.50439453125,42.00782775878906,1573.880126953125
2018-12-26,498.3462219238281,208.45977783203125,343.33489990234375,535.972412109375,737.9609985351562,7090.93115234375,41.987388610839844,1549.84326171875
2018-12-27,494.28399658203125,210.36700439453125,343.1418762207031,546.5829467773438,745.408935546875,7026.14990234375,41.41905212402344,1566.0455322265625
2018-12-28,498.47528076171875,213.13246154785156,348.0625305175781,546.7076416015625,752.8101196289062,7031.3955078125,41.93832015991211,1555.4630126953125
2018-12-31,498.19354248046875,215.7072296142578,347.483642578125,548.3720703125,753.0911254882812,6993.87548828125,42.608882904052734,1553.001953125
2019-01-01,504.3925476074219,212.41725158691406,350.9570617675781,553.448486328125,724.5170288085938,7004.46142578125,42.175472259521484,1561.0003662109375
2019-01-02,499.790283203125,204.59764099121094,351.777099609375,556.7771606445312,694.8656616210938,6808.7119140625,40.36824417114258,1577.8179931640625
2019-01-03,495.8689270019531,199.49578857421875,350.4746398925781,556.8604736328125,672.9432983398438,6748.84912109375,39.35423278808594,1558.6622314453125
2019-01-04,497.1955261230469,201.116943359375,352.3560485839844,550.1196899414062,679.7822265625,6777.46875,39.877586364746094,1539.711669921875
2019-01-07,497.9469299316406,198.87594604492188,354.7680969238281,558.9825439453125,683.4827880859375,6896.9609375,39.7017707824707,1556.9805908203125
2019-01-08,493.8026123046875,196.92105102539062,366.7802734375,557.6094360351562,677.7212524414062,6969.5185546875,40.18015670776367,1553.411865234375
2019-01-09,497.04302978515625,196.1581573486328,368.806396484375,562.6441650390625,680.43798828125,7019.544921875,39.186588287353516,1547.99755859375
2019-01-10,495.0940246582031,194.53700256347656,366.15313720703125,565.6400756835938,686.90234375,6924.64404296875,39.284725189208984,1549.310302734375
2019-01-11,495.8924255371094,196.30123901367188,365.23651123046875,568.8023681640625,681.93701171875,6858.0361328125,38.777713775634766,1511.5732421875
2019-01-14,493.485595703125,196.58726501464844,360.2193908691406,584.11474609375,678.7985229492188,6940.66357421875,38.50376892089844,1487.5361328125
2019-01-15,498.24041748046875,198.82827758789062,359.6404724121094,604.6697998046875,681.0001220703125,6890.49658203125,38.847225189208984,1532.28759765625
2019-01-16,497.84124755859375,198.73291015625,362.100830078125,613.1580810546875,680.3912963867188,6848.43310546875,38.806339263916016,1534.2154541015625
2019-01-17,500.68255615234375,196.4442596435547,361.4254150390625,610.2870483398438,688.2608032226562,6872.79150390625,38.69185256958008,1557.35791015625
2019-01-18,500.2010803222656,199.11436462402344,358.9169006347656,608.289794921875,688.541748046875,6893.12060546875,38.4874153137207,1562.5787353515625
2019-01-21,504.4042053222656,198.01771545410156,358.6274719238281,619.9821166992188,684.1853637695312,6753.017578125,38.57327651977539,1569.19677734375
2019-01-22,501.5160827636719,194.10787963867188,356.0705871582031,620.2733154296875,663.7620849609375,6622.28369140625,37.33438491821289,1563.606689453125
2019-01-23,494.3661193847656,195.9197540283203,354.4786682128906,608.8723754882812,651.9107666015625,6600.314453125,37.99267578125,1541.984375
2019-01-24,493.62646484375,195.53831481933594,351.9700927734375,612.5122680664062,653.2692260742188,6595.818359375,37.67783737182617,1563.318603515625
2019-01-25,492.158935546875,194.96615600585938,344.6373596191406,611.1316528320312,640.3406982421875,6101.92333984375,37.03591537475586,1579.14453125
2019-01-28,489.37646484375,190.7225799560547,331.4674072265625,609.1234741210938,630.5504150390625,6099.7216796875,36.4471321105957,1607.2613525390625
2019-01-29,483.142333984375,190.29342651367188,334.65142822265625,609.0816650390625,627.3651123046875,6114.61767578125,36.29175567626953,1630.0755615234375
2019-01-30,477.76513671875,196.25352478027344,353.0314025878906,607.4080810546875,635.796875,6134.5712890625,38.22573471069336,1628.9654541015625
2019-01-31,488.3902893066406,198.82827758789062,351.6324157714844,627.1975708007812,637.1083374023438,6221.603515625,38.982154846191406,1655.849365234375
2019-02-01,490.8557434082031,201.59375,342.17706298828125,633.4732055664062,644.93115234375,6522.46484375,38.818603515625,1668.8798828125
2019-02-04,494.2487487792969,194.7277374267578,342.0805969238281,632.510986328125,631.862060546875,6546.72900390625,38.92900466918945,1685.5689697265625
2019-02-05,496.39727783203125,195.25221252441406,340.2474060058594,631.6323852539062,641.6522216796875,6645.47021484375,38.0008544921875,1680.8826904296875
2019-02-06,498.4165344238281,201.59375,346.6634826660156,638.703125,651.2081298828125,6729.5966796875,39.669063568115234,1705.7523193359375
2019-02-07,497.1486511230469,199.49578857421875,346.036376953125,639.288818359375,656.6419067382812,6841.2197265625,39.99208068847656,1712.4119873046875
2019-02-08,498.4165344238281,196.348876953125,342.6112365722656,636.69482421875,639.0289916992188,6683.5517578125,38.33203887939453,1694.7357177734375
2019-02-11,502.4083557128906,190.1980743408203,337.7388610839844,638.2846069335938,606.6607055664062,6724.44384765625,39.30924987792969,1698.4354248046875
2019-02-12,500.072021484375,189.1491241455078,332.1910705566406,627.9505615234375,607.7380981445312,6710.017578125,39.85715103149414,1686.679443359375
2019-02-14,495.4932556152344,182.8552703857422,331.8533630371094,619.248291015625,594.3410034179688,6574.17724609375,39.460540771484375,1680.923828125
2019-02-15,493.2507629394531,177.9441375732422,330.11669921875,620.8380737304688,587.923583984375,6492.251953125,38.22982406616211,1668.67431640625
2019-02-18,490.7265625,175.98922729492188,326.83624267578125,620.0851440429688,585.2536010742188,6410.4208984375,38.07036209106445,1619.840087890625
2019-02-19,489.35296630859375,177.896484375,331.1780090332031,606.0692138671875,592.6546630859375,6374.6806640625,38.51194763183594,1565.9906005859375
2019-02-20,495.05889892578125,184.04727172851562,333.0594482421875,619.7921142578125,593.5447387695312,6417.1650390625,40.1638069152832,1574.1705322265625
2019-02-21,496.8316345214844,185.38232421875,338.94488525390625,613.7256469726562,594.1536865234375,6371.86962890625,40.79347229003906,1573.718505859375
2019-02-22,491.090576171875,187.3372344970703,339.66851806640625,614.980712890625,605.7706909179688,6475.716796875,41.07559585571289,1583.1319580078125
2019-02-25,499.06231689453125,187.38491821289062,343.0936584472656,631.6743774414062,609.6117553710938,6487.42724609375,41.3045654296875,1632.0487060546875
2019-02-26,495.598876953125,187.38491821289062,335.9538879394531,621.2984008789062,610.1738891601562,6468.12841796875,41.18190002441406,1676.07373046875
2019-02-27,491.2784729003906,186.8604278564453,333.3971252441406,615.2318725585938,614.7176513671875,6528.27294921875,41.468116760253906,1692.0228271484375
2019-02-28,487.8267517089844,186.66970825195312,337.8353271484375,614.436767578125,605.1148681640625,6398.24169921875,40.924312591552734,1630.65087890625
2019-03-01,489.1886291503906,187.0511474609375,341.7911682128906,620.7963256835938,608.6749267578125,6497.02978515625,41.509002685546875,1640.4755859375
2019-03-05,494.765380859375,189.53054809570312,350.4746398925781,612.9306030273438,615.2797241210938,6668.0947265625,42.666114807128906,1634.473876953125
2019-03-06,494.09613037109375,193.34500122070312,358.8686828613281,612.9306030273438,617.2939453125,6611.0888671875,42.59252166748047,1643.9283447265625
2019-03-07,499.3205871582031,191.29473876953125,357.75909423828125,604.9395751953125,629.3794555664062,6584.99755859375,42.6170539855957,1655.1915283203125
2019-03-08,499.7197570800781,186.47898864746094,357.5661315917969,596.06982421875,627.8336181640625,6527.5234375,41.529449462890625,1662.9190673828125
2019-03-11,499.7784729003906,191.72386169433594,362.63153076171875,595.1494750976562,638.0453491210938,6634.50830078125,42.57616424560547,1656.424560546875
2019-03-12,509.7696838378906,193.96482849121094,374.5471496582031,591.5513916015625,644.4627075195312,6705.052734375,42.94415283203125,1654.4927978515625
2019-03-13,522.813232421875,192.91587829589844,378.1170349121094,592.8064575195312,640.9963989257812,6643.08154296875,42.01192092895508,1644.66845703125
2019-03-14,522.3905639648438,191.43777465820312,374.2576599121094,592.7228393554688,642.5890502929688,6638.63134765625,42.33083724975586,1633.8983154296875
2019-03-15,529.02392578125,189.816650390625,381.39739990234375,601.2577514648438,650.73974609375,6636.4765625,42.150936126708984,1677.1014404296875
2019-03-18,531.008056640625,190.0550537109375,384.05072021484375,594.2708129882812,640.9963989257812,6458.4794921875,42.948238372802734,1663.001708984375
2019-03-19,532.4873657226562,192.9635772705078,384.38836669921875,604.3538208007812,645.8681640625,6394.02587890625,43.13632583618164,1663.001708984375
2019-03-20,539.8250732421875,197.5408935546875,379.08184814453125,618.327880859375,635.7499389648438,6251.9560546875,41.99964904785156,1656.630126953125
2019-03-22,534.459716796875,199.40045166015625,378.0205078125,621.8004150390625,635.9373779296875,6138.74072265625,42.39216995239258,1648.902099609375
2019-03-25,535.6690063476562,195.9197540283203,370.0124206542969,615.2318725585938,622.6339721679688,6110.54248046875,42.126407623291016,1631.3087158203125
2019-03-26,542.7249755859375,198.82827758789062,380.2396240234375,608.9561157226562,627.3182373046875,6169.65673828125,42.4698600769043,1629.9927978515625
2019-03-27,539.9307861328125,198.01771545410156,379.37127685546875,610.5878295898438,618.371337890625,6106.232421875,42.17955780029297,1617.8671875
2019-03-28,540.7174072265625,192.9635772705078,386.4627380371094,617.365478515625,614.5303344726562,6179.53955078125,41.40269088745117,1644.50390625
2019-04-01,542.8306274414062,205.885009765625,384.24365234375,631.841552734375,619.1677856445312,6408.546875,43.761905670166016,1670.2777099609375
2019-04-02,538.8507080078125,206.8863067626953,383.1823425292969,635.4396362304688,626.3814086914062,6454.451171875,43.39391326904297,1709.4521484375
2019-04-03,538.3575439453125,205.9326934814453,378.3099365234375,630.3353881835938,616.8724365234375,6626.0771484375,43.786434173583984,1709.4521484375
2019-04-04,536.2911987304688,200.6878204345703,375.07781982421875,625.8169555664062,612.0944213867188,6663.73828125,43.39391326904297,1656.17822265625
2019-04-05,541.3748779296875,205.408203125,376.814453125,635.3560180664062,616.6382446289062,6658.6796875,44.91902160644531,1683.96630859375
2019-04-08,537.5709228515625,204.50228881835938,373.48583984375,642.0081787109375,624.8825073242188,6679.0556640625,44.89857482910156,1702.422607421875
2019-04-09,537.0661010742188,207.07701110839844,383.1823425292969,636.4437866210938,625.6787719726562,6760.65283203125,45.22568130493164,1719.4818115234375
2019-04-10,525.3491821289062,201.87982177734375,380.33612060546875,629.8334350585938,627.92724609375,6732.36083984375,44.51832580566406,1677.3477783203125
2019-04-11,530.08056640625,201.49839782714844,376.3320617675781,621.4656372070312,630.2694091796875,6733.76611328125,43.80687713623047,1660.28857421875
2019-04-12,531.900390625,200.02027893066406,380.7220458984375,625.6912841796875,635.3753051757812,6878.974609375,43.639244079589844,1656.17822265625
2019-04-15,537.4300537109375,202.88113403320312,378.9371032714844,608.746826171875,640.0595092773438,6888.013671875,45.233856201171875,1737.40478515625
2019-04-16,541.2457275390625,204.9790496826172,392.6859436035156,605.90185546875,644.6502075195312,6987.36474609375,45.242034912109375,1752.6138916015625
2019-04-18,538.5689086914062,197.5885772705078,390.1773681640625,600.0026245117188,641.41796875,6976.9658203125,44.412017822265625,1767.61767578125
2019-04-22,532.7103881835938,191.10400390625,380.62554931640625,603.3496704101562,630.87841796875,6858.73828125,43.6842155456543,1776.990234375
2019-04-23,527.2158203125,191.05633544921875,382.5552062988281,609.33251953125,623.7114868164062,6603.59375,42.796958923339844,1771.728271484375
2019-04-24,535.3049926757812,191.3900909423828,386.9934387207031,616.2359619140625,625.9599609375,6573.427734375,42.952335357666016,1795.0770263671875
2019-04-25,531.4777221679688,187.43263244628906,381.493896484375,609.6253662109375,623.1492919921875,6469.01904296875,41.76659393310547,1804.572265625
2019-04-26,535.5868530273438,191.81919860839844,392.8789367675781,617.5328979492188,617.8092651367188,6410.5615234375,44.58783721923828,1840.3759765625
2019-04-30,544.1573486328125,196.49191284179688,393.1683654785156,628.7035522460938,604.5527954101562,6245.2578125,45.56504440307617,1858.298828125
2019-05-02,553.1622924804688,195.20452880859375,381.63861083984375,611.5081787109375,605.1148681640625,6261.04296875,45.381046295166016,1821.34375
2019-05-03,556.01513671875,195.58602905273438,387.6688537597656,605.4833984375,605.021240234375,6286.10400390625,44.796356201171875,1752.7786865234375
2019-05-06,546.740234375,189.67356872558594,387.1864013671875,601.1322631835938,598.1821899414062,6285.775390625,43.82732391357422,1774.030517578125
2019-05-07,545.3079833984375,191.1516876220703,372.9068908691406,606.2783813476562,595.8400268554688,6278.60888671875,43.389827728271484,1769.1795654296875
2019-05-08,541.7623291015625,190.7225799560547,368.7581481933594,601.9271850585938,582.3961181640625,6230.03466796875,42.739715576171875,1769.919677734375
2019-05-09,537.9231567382812,188.95838928222656,367.98626708984375,603.3496704101562,585.9561767578125,6206.4267578125,42.4535026550293,1786.1156005859375
2019-05-10,539.2381591796875,186.71739196777344,371.5561828613281,599.8353271484375,589.0477905273438,6212.65673828125,39.808082580566406,1755.9024658203125
2019-05-13,537.0543212890625,183.28439331054688,363.0656433105469,602.22021484375,578.601806640625,6130.3564453125,38.622344970703125,1750.1060791015625
2019-05-14,537.2186889648438,183.99957275390625,367.0214538574219,597.3250122070312,575.46337890625,6160.75634765625,38.3974609375,1720.180908203125
2019-05-15,536.9369506835938,181.8062744140625,363.7892761230469,599.2077026367188,571.1539306640625,6083.5146484375,37.85774612426758,1722.68798828125
2019-05-16,542.5606079101562,185.5730743408203,369.0475769042969,613.4328002929688,567.03173828125,6070.3056640625,38.372928619384766,1733.663818359375
2019-05-17,554.6416015625,182.8075714111328,375.994384765625,605.7345581054688,580.5224609375,6283.15283203125,38.3892822265625,1722.7294921875
2019-05-20,571.1368408203125,189.53054809570312,393.3612976074219,604.4793701171875,612.0006713867188,6637.03857421875,39.5627555847168,1762.6025390625
2019-05-21,564.4095458984375,186.9081268310547,386.0768737792969,593.5177001953125,598.7911376953125,6441.0078125,38.64278793334961,1734.4859619140625
2019-05-22,564.8909301757812,188.8153533935547,391.0939636230469,593.8942260742188,600.1026611328125,6463.9130859375,38.67958450317383,1711.4664306640625
2019-05-23,547.5972900390625,182.8552703857422,396.4005432128906,586.6143798828125,599.1189575195312,6491.50244140625,38.0008544921875,1688.6932373046875
2019-05-24,557.2831420898438,186.71739196777344,416.5654296875,593.4340209960938,623.4303588867188,6645.04833984375,39.59138107299805,1683.719482421875
2019-05-27,565.5015258789062,191.29473876953125,420.1836242675781,592.5134887695312,636.45263671875,6621.90966796875,41.913787841796875,1689.597412109375
2019-05-28,567.3446655273438,192.4867706298828,419.0257873535156,609.248779296875,628.2083129882812,6608.98046875,41.464027404785156,1704.8890380859375
2019-05-29,567.509033203125,190.0550537109375,408.4126281738281,608.997802734375,629.7073364257812,6456.09130859375,40.33961868286133,1732.677001953125
2019-05-30,572.8275146484375,189.33981323242188,411.2107238769531,613.809326171875,619.9171752929688,6433.841796875,39.90212631225586,1764.53466796875
2019-05-31,569.4931030273438,187.86172485351562,408.7986145019531,617.3236694335938,606.1922607421875,6435.85498046875,39.93074417114258,1805.8465576171875
2019-06-03,576.9483642578125,190.15037536621094,408.0267639160156,623.097412109375,612.1412963867188,6579.236328125,40.695343017578125,1843.459228515625
2019-06-04,575.8213500976562,188.62461853027344,404.3603820800781,615.2735595703125,609.6585693359375,6606.31103515625,40.695343017578125,1809.313232421875
2019-06-06,569.0236206054688,185.8114776611328,397.0758972167969,615.5247192382812,594.0599365234375,6547.197265625,39.62818145751953,1795.22412109375
2019-06-07,574.7293701171875,185.76380920410156,401.94830322265625,618.4533081054688,603.381591796875,6509.30224609375,39.423736572265625,1808.1942138671875
2019-06-10,572.9801025390625,189.05372619628906,401.4659118652344,630.5026245117188,606.0985717773438,6529.6318359375,39.74674987792969,1849.4266357421875
2019-06-11,574.9054565429688,190.34112548828125,406.53125,631.6743774414062,596.6364135742188,6537.45361328125,40.27419662475586,1867.0797119140625
2019-06-12,569.8922729492188,190.0550537109375,403.2991027832031,630.7537841796875,592.2799682617188,6419.1328125,41.36589813232422,1873.792236328125
2019-06-13,574.0367431640625,190.3887939453125,404.8428039550781,630.2022094726562,600.5711059570312,6356.08447265625,41.096038818359375,1868.1568603515625
2019-06-14,571.7825317382812,189.05372619628906,403.0578918457031,628.3353271484375,597.0111083984375,6321.140625,41.034706115722656,1868.48828125
2019-06-17,568.70654296875,184.61944580078125,399.6326904296875,628.420166015625,585.5813598632812,6165.86181640625,38.687767028808594,1864.095703125
2019-06-18,567.59130859375,181.13876342773438,407.3031005859375,636.5665893554688,586.3777465820312,6032.22412109375,38.622344970703125,1865.4627685546875
2019-06-19,570.1975708007812,181.23411560058594,405.0357360839844,638.0516967773438,576.306640625,6018.77978515625,40.40503692626953,1872.96337890625
2019-06-20,573.2691650390625,185.2869873046875,418.1574401855469,640.5974731445312,587.5488891601562,6198.74462890625,40.96928405761719,1887.9229736328125
2019-06-21,570.3984985351562,188.4815673828125,415.6488952636719,636.6090087890625,587.8298950195312,6011.84814453125,40.695343017578125,1864.6341552734375
2019-06-24,571.284423828125,189.00607299804688,414.3464050292969,632.62060546875,594.7625122070312,6051.802734375,39.76310729980469,1885.892822265625
2019-06-25,573.8242797851562,193.1066131591797,418.3986511230469,634.8270263671875,601.1331787109375,6110.44873046875,40.72395706176758,1879.51123046875
2019-06-26,583.0859985351562,198.68527221679688,423.2228088378906,627.2747192382812,602.8663940429688,6070.9140625,41.754329681396484,1868.23974609375
2019-06-27,581.762939453125,196.53961181640625,425.4419250488281,619.9342651367188,616.3571166992188,6076.91064453125,41.76250457763672,1866.871826171875
2019-06-28,577.3800659179688,197.445556640625,421.72735595703125,621.1647338867188,613.9681396484375,6121.8310546875,41.247318267822266,1845.8624267578125
2019-07-01,587.256103515625,199.209716796875,423.56048583984375,620.5706787109375,618.3245239257812,6096.72509765625,41.45584487915039,1856.0980224609375
2019-07-02,589.4889526367188,199.63885498046875,421.3896484375,627.9534912109375,624.1798095703125,6145.5791015625,41.60713195800781,1866.4989013671875
2019-07-03,588.224853515625,199.01898193359375,420.61773681640625,620.5706787109375,626.9904174804688,6121.03466796875,41.729793548583984,1854.5233154296875
2019-07-04,586.8427124023438,197.302490234375,420.8589782714844,622.6921997070312,629.7073364257812,6131.01220703125,41.56196594238281,1858.6671142578125
2019-07-05,584.1491088867188,189.67356872558594,421.00372314453125,609.2846069335938,601.5078735351562,5958.21435546875,40.139644622802734,1792.73779296875
2019-07-08,569.3116455078125,188.43389892578125,410.92120361328125,608.9451293945312,595.6995239257812,5657.21240234375,39.27534866333008,1802.9317626953125
2019-07-09,562.1171875,188.719970703125,413.4297790527344,607.1631469726562,592.7483520507812,5569.853515625,39.30891418457031,1768.081787109375
2019-07-10,564.3853759765625,184.66709899902344,415.7453918457031,608.6480712890625,582.3961181640625,5553.41162109375,38.16350555419922,1747.2371826171875
2019-07-11,568.7327880859375,189.24447631835938,411.54840087890625,612.2546997070312,594.1068725585938,5650.1865234375,38.767677307128906,1742.5550537109375
2019-07-12,565.6021118164062,189.62591552734375,412.0307922363281,616.709716796875,591.9989013671875,5594.21044921875,39.68232727050781,1746.7406005859375
2019-07-15,565.8030395507812,190.8656005859375,407.4478454589844,661.34521484375,591.9520263671875,5695.62158203125,39.29632568359375,1778.3167724609375
2019-07-16,564.9642333984375,189.86431884765625,409.6669616699219,666.0125122070312,583.5672607421875,5769.02197265625,40.001190185546875,1749.4908447265625
2019-07-17,566.44091796875,194.0125274658203,409.763427734375,673.904296875,578.9298095703125,5691.875,39.91728210449219,1758.83642578125
2019-07-18,569.85498046875,191.2470703125,403.9262390136719,672.6740112304688,567.4832763671875,5510.7392578125,39.15367126464844,1716.2205810546875
2019-07-19,561.2902221679688,186.9081268310547,395.869873046875,666.4793701171875,542.6901245117188,5404.6435546875,38.43621826171875,1725.358642578125
2019-07-22,542.766845703125,193.01123046875,397.9977111816406,665.6306762695312,536.6107177734375,5538.98486328125,39.06556701660156,1752.7303466796875
2019-07-23,534.7928466796875,193.6787567138672,398.43292236328125,670.4252319335938,531.1011962890625,5502.6826171875,38.58726119995117,1754.8492431640625
2019-07-24,538.90380859375,188.10012817382812,395.09613037109375,667.2429809570312,522.4568481445312,5403.61279296875,37.425071716308594,1741.84814453125
2019-07-25,540.1207275390625,187.6233367919922,395.5797119140625,674.201416015625,520.1295776367188,5393.07421875,36.950965881347656,1767.6832275390625
2019-07-26,538.0532836914062,188.8153533935547,402.1082458496094,667.8369140625,536.1832885742188,5438.88427734375,37.383113861083984,1752.0245361328125
2019-07-29,530.2565307617188,184.28565979003906,415.261962890625,671.6132202148438,525.44921875,5209.92431640625,36.37197494506836,1769.428466796875
2019-07-30,532.1348266601562,181.28179931640625,411.3932800292969,672.6740112304688,521.2694702148438,5159.2421875,34.82797622680664,1810.2576904296875
2019-07-31,531.9931030273438,181.7109375,410.6678466796875,673.4801025390625,522.4568481445312,5124.1591796875,36.25448989868164,1832.3131103515625
2019-08-01,526.1087646484375,174.27273559570312,403.36553955078125,652.4351196289062,521.07958984375,5220.5576171875,35.24333953857422,1811.0057373046875
2019-08-02,524.3446044921875,172.03175354003906,397.1272277832031,658.1630859375,528.5839233398438,5329.93212890625,34.32868576049805,1831.981201171875
2019-08-05,516.0330810546875,167.5974578857422,389.43804931640625,659.0966186523438,518.134765625,5312.13232421875,33.50215148925781,1867.9512939453125
2019-08-06,518.3655395507812,172.3178253173828,396.7887268066406,657.1871948242188,521.9345092773438,5464.78857421875,33.699344635009766,1839.955810546875
2019-08-07,517.157958984375,168.21730041503906,394.9993896484375,658.5873413085938,492.3443298339844,5410.17041015625,32.0462646484375,1838.7513427734375
2019-08-08,528.7962646484375,172.651611328125,400.8025207519531,669.3218994140625,512.5302124023438,5529.38232421875,30.82953453063965,1875.843017578125
2019-08-09,540.3636474609375,168.02658081054688,406.3638610839844,670.2554321289062,518.2297973632812,5714.54541015625,30.405771255493164,1865.9989013671875
2019-08-13,525.765380859375,168.0742645263672,396.7887268066406,648.9559936523438,486.7398681640625,5448.06591796875,29.260360717773438,1827.1212158203125
2019-08-14,527.9202270507812,173.40309143066406,403.6073913574219,657.4842529296875,497.3314514160156,5524.5791015625,30.59876823425293,1831.233154296875
2019-08-16,527.5057983398438,172.63497924804688,405.2032470703125,657.2721557617188,501.4161682128906,5675.66064453125,30.46451759338379,1798.58642578125
2019-08-19,522.5686645507812,173.93116760253906,409.5072021484375,659.9027709960938,494.481689453125,5682.78369140625,30.170818328857422,1796.8414306640625
2019-08-20,525.8245849609375,172.2509307861328,403.2204895019531,672.71630859375,501.36865234375,5880.74169921875,30.06173324584961,1816.5712890625
2019-08-21,527.0677490234375,169.99456787109375,398.5296325683594,678.4019165039062,494.814208984375,5916.791015625,28.782062530517578,1816.11474609375
2019-08-22,514.8136596679688,169.51449584960938,386.0045471191406,675.2196655273438,486.1698913574219,5897.4599609375,28.001672744750977,1840.8695068359375
2019-08-23,512.1141967773438,173.06704711914062,382.42596435546875,680.7354125976562,506.5456848144531,5940.96533203125,28.970867156982422,1867.203125
2019-08-26,534.2424926757812,171.62681579589844,398.14276123046875,681.0324096679688,517.0424194335938,5942.10498046875,28.366695404052734,1890.9617919921875
2019-08-27,535.142333984375,173.9792022705078,404.86468505859375,665.8428344726562,526.3040771484375,5963.193359375,29.444971084594727,1857.8994140625
2019-08-28,532.1943359375,171.290771484375,399.4001159667969,680.9900512695312,512.6727905273438,5797.57861328125,28.274389266967773,1860.1839599609375
2019-08-29,527.3282470703125,172.53897094726562,391.1306457519531,684.7662963867188,501.55859375,5804.03857421875,28.15691566467285,1855.3658447265625
2019-08-30,527.56494140625,177.0996551513672,396.2083435058594,691.5125732421875,502.3185119628906,5816.9091796875,28.941497802734375,1877.0894775390625
2019-09-03,523.5394897460938,171.290771484375,379.2826232910156,690.9609375,489.63714599609375,5746.56982421875,27.808673858642578,1870.4437255859375
2019-09-04,532.2534790039062,174.41123962402344,384.4570617675781,696.9434204101562,480.37542724609375,5538.59033203125,28.467390060424805,1865.292724609375
2019-09-05,529.2698974609375,177.2436981201172,376.2359313964844,707.7628784179688,491.1094665527344,5669.58056640625,28.962472915649414,1840.288330078125
2019-09-06,531.8154296875,180.89227294921875,378.5088806152344,712.939453125,502.9835205078125,5876.9423828125,29.822582244873047,1825.501220703125
2019-09-09,532.691650390625,181.70840454101562,382.4743347167969,703.5625,505.8807678222656,6018.04931640625,29.688316345214844,1813.3316650390625
2019-09-11,533.0941772460938,185.74102783203125,381.6522216796875,695.9251098632812,518.419677734375,6266.73046875,30.8001651763916,1789.365234375
2019-09-12,537.7234497070312,189.24557495117188,389.4864501953125,692.785400390625,516.3773803710938,6071.76611328125,30.63233757019043,1772.4190673828125
2019-09-13,534.5504150390625,192.3660430908203,399.8353271484375,703.7321166992188,523.6443481445312,6127.09619140625,30.82533836364746,1779.3551025390625
2019-09-16,531.4010620117188,192.41404724121094,398.6263732910156,702.3743896484375,510.0604553222656,6091.4287109375,30.30088233947754,1786.0423583984375
2019-09-17,523.6342163085938,190.0616912841797,387.503662109375,705.386962890625,495.8116455078125,5823.22607421875,28.945690155029297,1763.322265625
2019-09-18,518.0459594726562,190.10971069335938,386.246337890625,704.1989135742188,500.60870361328125,5789.6474609375,30.06173324584961,1776.5311279296875
2019-09-19,521.4439086914062,188.14138793945312,373.9146728515625,696.434326171875,493.2943115234375,5672.52587890625,28.920515060424805,1746.126220703125
2019-09-20,568.1160278320312,194.0943145751953,403.80078125,683.111572265625,540.410400390625,6261.6494140625,30.926029205322266,1715.80517578125
2019-09-23,595.4183349609375,192.02999877929688,431.65576171875,648.616455078125,536.7056884765625,6552.22216796875,31.664464950561523,1674.560302734375
2019-09-24,593.784423828125,189.9176788330078,426.4330139160156,673.8195190429688,530.7687377929688,6657.8974609375,31.114837646484375,1698.5677490234375
2019-09-25,587.1067504882812,182.33248901367188,419.95281982421875,672.631591796875,507.9230651855469,6305.8671875,30.38060188293457,1734.9114990234375
2019-09-26,588.432861328125,188.14138793945312,437.12042236328125,664.0606689453125,538.5580444335938,6513.84619140625,31.530200958251953,1734.2059326171875
2019-09-27,589.2379760742188,183.10060119628906,434.4606628417969,663.7637939453125,527.3014526367188,6434.29296875,30.179210662841797,1708.07958984375
2019-09-30,581.3053588867188,183.7247314453125,419.46923828125,683.6630859375,519.7496337890625,6379.29345703125,30.250534057617188,1743.9251708984375
2019-10-01,591.41650390625,182.1884765625,410.6678466796875,673.3952026367188,528.8214111328125,6442.1767578125,29.49951171875,1711.236572265625
2019-10-03,579.4584350585938,175.3234100341797,413.27923583984375,666.6489868164062,534.5208740234375,6415.62744140625,28.49675750732422,1711.4852294921875
2019-10-04,563.4273681640625,174.84332275390625,400.3189697265625,673.3104858398438,535.9932861328125,6316.4111328125,27.95132827758789,1727.35205078125
2019-10-07,562.1013793945312,175.03533935546875,402.44677734375,670.0009155273438,525.2590942382812,6297.650390625,27.254850387573242,1701.059814453125
2019-10-09,581.6369018554688,178.6359405517578,422.370849609375,664.9942016601562,547.6773681640625,6382.85595703125,28.232433319091797,1678.1322021484375
2019-10-10,568.5657958984375,174.98733520507812,409.7973937988281,664.485107421875,537.7031860351562,6274.47265625,27.68699836730957,1665.1312255859375
2019-10-11,567.7371215820312,179.74008178710938,414.4882507324219,691.4276733398438,532.0511474609375,6363.240234375,28.446413040161133,1650.510498046875
2019-10-14,570.3892822265625,181.18031311035156,414.7784118652344,667.0732421875,540.1729125976562,6479.3173828125,28.937299728393555,1678.880126953125
2019-10-15,579.2216186523438,184.87689208984375,417.6799621582031,651.9683227539062,554.1842651367188,6635.71728515625,29.302318572998047,1692.4208984375
2019-10-16,578.2980346679688,180.46018981933594,421.0167236328125,654.6415405273438,554.9917602539062,6625.505859375,29.151281356811523,1699.980224609375
2019-10-17,577.777099609375,181.27633666992188,426.1428527832031,652.9867553710938,563.5884399414062,6766.9453125,29.881319046020508,1725.079833984375
2019-10-18,582.0394287109375,179.93211364746094,423.4347229003906,651.5865478515625,563.5884399414062,6936.40576171875,30.175012588500977,1747.5037841796875
2019-10-22,586.91748046875,178.34786987304688,436.3466796875,546.1074829101562,565.9632568359375,6892.66357421875,29.74706268310547,1742.44970703125
2019-10-23,588.0066528320312,177.72378540039062,440.1670837402344,559.0391845703125,562.2110595703125,7067.44384765625,29.889713287353516,1758.333740234375
2019-10-24,585.4019165039062,174.1232147216797,439.82855224609375,545.9354858398438,551.951904296875,7021.04150390625,30.20018768310547,1768.441650390625
2019-10-25,582.0394287109375,174.5072479248047,453.7076721191406,547.7398681640625,548.769775390625,7096.79541015625,30.397380828857422,1804.9228515625
2019-10-27,586.1596069335938,174.84332275390625,454.1429138183594,557.5355834960938,561.878662109375,7050.20361328125,30.628143310546875,1797.06591796875
2019-10-29,588.432861328125,176.95565795898438,461.7353210449219,559.082275390625,581.162109375,7334.4111328125,32.74274444580078,1864.2960205078125
2019-10-30,591.2033081054688,179.74008178710938,455.6903991699219,567.6319580078125,585.6742553710938,7178.29736328125,32.55813217163086,1913.5185546875
2019-10-31,582.6787109375,180.4121856689453,447.856201171875,589.1136474609375,576.0800170898438,7180.62353515625,31.932981491088867,1927.83056640625
2019-11-01,587.2725219726562,186.02906799316406,447.0824279785156,591.0900268554688,560.2163696289062,7236.90478515625,33.52313232421875,1869.4345703125
2019-11-04,585.757080078125,190.0616912841797,455.061767578125,609.2205200195312,557.0341186523438,7052.00830078125,34.332889556884766,1863.531494140625
2019-11-05,587.0120239257812,190.68580627441406,452.9822692871094,598.135986328125,551.0970458984375,7018.76171875,33.896541595458984,1870.2408447265625
2019-11-06,595.1341552734375,193.47023010253906,464.92706298828125,612.0560913085938,550.7645874023438,6944.8125,33.93849563598633,1858.90185546875
2019-11-07,598.4728393554688,197.0227813720703,462.84759521484375,618.7584838867188,551.2869873046875,6922.01513671875,33.82521057128906,1856.226318359375
2019-11-08,594.6369018554688,195.72657775878906,473.3899841308594,608.4901123046875,550.95458984375,6839.75439453125,33.39306640625,1809.16943359375
2019-11-11,598.97021484375,192.1740264892578,480.498779296875,605.2679443359375,546.2049560546875,6779.67333984375,33.686763763427734,1784.537109375
2019-11-13,595.5603637695312,185.45297241210938,469.81134033203125,594.0543823242188,545.9199829101562,6796.10693359375,33.38887023925781,1850.492919921875
2019-11-14,603.303466796875,180.98828125,482.2880859375,606.041259765625,549.482177734375,6884.01953125,32.88958740234375,1865.9520263671875
2019-11-15,605.1978149414062,180.26815795898438,483.44873046875,604.8383178710938,553.8518676757812,6789.078125,33.10356903076172,1846.9677734375
2019-11-18,597.6915893554688,185.88507080078125,481.9979248046875,605.955322265625,544.9700927734375,6742.77099609375,34.40840530395508,1828.40869140625
2019-11-19,602.3563232421875,184.68484497070312,477.30706787109375,612.5286254882812,532.5735473632812,6692.42529296875,33.71193313598633,1791.2049560546875
2019-11-20,603.0430297851562,183.14862060546875,478.7578430175781,612.6576538085938,532.3836059570312,6794.34912109375,33.455997467041016,1790.992919921875
2019-11-21,607.7789306640625,181.08432006835938,481.9012145996094,612.8723754882812,524.1666870117188,6667.3486328125,32.31478500366211,1799.104736328125
2019-11-22,598.97021484375,182.6685333251953,480.498779296875,595.64404296875,518.6571655273438,6706.67431640625,33.56508255004883,1759.6923828125
2019-11-25,601.9774780273438,191.3098907470703,481.4659729003906,599.8543701171875,520.3670654296875,6873.5234375,35.201385498046875,1768.016845703125
2019-11-26,603.8482055664062,190.78179931640625,493.94268798828125,593.4099731445312,511.6277160644531,6767.98974609375,35.591575622558594,1738.4151611328125
2019-11-27,605.4346923828125,194.9104766845703,488.9133605957031,597.8351440429688,512.9102172851562,6928.90185546875,35.356624603271484,1744.9129638671875
2019-11-28,599.230712890625,195.9666290283203,502.115478515625,603.0768432617188,514.8099975585938,6897.41259765625,36.25868606567383,1764.49169921875
2019-11-29,603.80078125,192.1740264892578,495.7803039550781,598.350830078125,503.9809265136719,6882.78466796875,35.872684478759766,1744.0211181640625
2019-12-02,599.4437866210938,192.79815673828125,494.1361389160156,595.2145385742188,507.40069580078125,6781.62060546875,35.31466293334961,1716.6708984375
2019-12-03,594.5421142578125,188.1894073486328,492.6369934082031,600.0692749023438,496.71405029296875,6781.09814453125,33.53571701049805,1742.1102294921875
2019-12-04,592.7662353515625,193.08616638183594,511.8840026855469,609.0916137695312,499.2313232421875,6721.5400390625,34.34547805786133,1765.4686279296875
2019-12-05,589.9010009765625,190.63780212402344,510.7717590332031,614.2471923828125,498.47137451171875,6661.458984375,33.548301696777344,1801.8226318359375
2019-12-06,590.1141357421875,190.0616912841797,507.5800476074219,614.4620971679688,484.6500244140625,6541.630859375,33.837806701660156,1803.776611328125
2019-12-09,588.64599609375,190.9258270263672,509.2242431640625,616.3094482421875,487.9272766113281,6644.26611328125,34.12730026245117,1750.1365966796875
2019-12-10,591.7479858398438,191.1658935546875,511.35205078125,613.989501953125,480.4228515625,6614.72412109375,33.73711395263672,1709.70556640625
2019-12-11,591.3927612304688,188.76551818847656,516.0429077148438,619.5746459960938,482.32275390625,6642.7939453125,34.03080368041992,1734.3807373046875
2019-12-12,598.425537109375,193.42221069335938,517.7838134765625,603.2915649414062,486.2648620605469,6649.0634765625,35.13425827026367,1716.5433349609375
2019-12-13,598.5438842773438,199.95126342773438,519.4280395507812,611.1968383789062,490.3495788574219,6853.43310546875,35.948211669921875,1759.310302734375
2019-12-16,595.4656982421875,198.4149932861328,521.5558471679688,613.5167846679688,483.36767578125,6782.28564453125,35.32725524902344,1806.4515380859375
2019-12-17,601.9774780273438,205.18406677246094,523.3936157226562,627.0074462890625,480.5178527832031,6834.62451171875,36.871246337890625,1838.898681640625
2019-12-18,612.0411376953125,205.13604736328125,523.6353759765625,629.370361328125,496.4765930175781,6877.84521484375,37.3201789855957,1841.2769775390625
2019-12-19,610.3599853515625,207.68045043945312,522.4747314453125,627.9954223632812,508.5880432128906,6877.84521484375,37.488006591796875,1893.344970703125
2019-12-20,614.101318359375,206.91232299804688,528.1812133789062,628.5970458984375,504.0284423828125,6897.650390625,38.68376159667969,1888.12109375
2019-12-23,616.8007202148438,206.57626342773438,523.5386962890625,632.4207763671875,499.5638122558594,6992.06982421875,38.78026580810547,1895.5958251953125
2019-12-24,610.5257568359375,207.63243103027344,523.3451538085938,630.1867065429688,501.0836181640625,6960.62841796875,38.85158920288086,1881.92041015625
2019-12-26,601.669677734375,206.4322509765625,521.0723266601562,626.3629150390625,501.8910827636719,6878.08203125,39.262760162353516,1870.3262939453125
2019-12-27,603.8244018554688,206.8643341064453,531.3729248046875,633.237060546875,503.6009521484375,6976.87158203125,39.39701843261719,1867.396240234375
2019-12-30,607.210693359375,209.26470947265625,526.1016845703125,629.7570190429688,510.0129699707031,7044.646484375,39.83755874633789,1854.4000244140625
2019-12-31,602.4510498046875,207.53643798828125,521.2174682617188,628.2533569335938,504.93084716796875,6999.3837890625,39.61099624633789,1836.1383056640625
2020-01-01,605.5293579101562,205.76016235351562,519.137939453125,633.151123046875,509.7279357910156,6945.33544921875,39.250179290771484,1841.149658203125
2020-01-02,609.38916015625,211.3770294189453,522.861572265625,631.3037109375,512.8151245117188,6962.5751953125,40.68508529663086,1832.6986083984375
2020-01-03,600.6988525390625,207.82447814941406,521.1690063476562,641.013427734375,506.07073974609375,6890.7626953125,40.588584899902344,1869.222412109375
2020-01-06,587.6987915039062,200.9593963623047,508.4505310058594,634.8696899414062,498.2339172363281,6689.52880859375,39.711692810058594,1869.0521240234375
2020-01-07,597.0047607421875,200.52734375,505.7424011230469,625.4607543945312,500.2762145996094,6719.166015625,39.950843811035156,1873.6390380859375
2020-01-08,595.4419555664062,199.13510131835938,508.69232177734375,617.1256713867188,498.3764343261719,6682.6904296875,39.879520416259766,1915.59912109375
2020-01-09,602.11962890625,202.35162353515625,528.37451171875,625.1599731445312,514.1450805664062,6865.73388671875,40.54243087768555,1880.8587646484375
2020-01-10,607.4710693359375,203.0717315673828,522.5230712890625,634.2682495117188,519.2271118164062,6963.193359375,40.798362731933594,1880.17919921875
2020-01-13,609.033935546875,202.78367614746094,520.9271850585938,664.6863403320312,527.1589965820312,6984.28125,41.599727630615234,1860.473388671875
2020-01-14,610.6914672851562,203.50379943847656,519.9600219726562,666.49072265625,534.3309326171875,7016.671875,41.8388786315918,1874.5313720703125
2020-01-15,608.2052001953125,205.13604736328125,518.025634765625,659.5305786132812,541.2178955078125,7108.0048828125,42.132572174072266,1891.5186767578125
2020-01-16,609.8153686523438,201.29544067382812,519.5248413085938,659.0580444335938,539.0330200195312,7088.72119140625,41.486446380615234,1901.626953125
2020-01-17,605.3162231445312,201.67950439453125,514.5921020507812,659.7883911132812,540.7903442382812,7143.3408203125,41.55777359008789,1884.893798828125
2020-01-20,594.305419921875,199.0391082763672,517.3002319335938,660.3040771484375,538.7955932617188,7076.32568359375,41.171775817871094,1843.4852294921875
2020-01-21,589.3090209960938,196.9747772216797,513.625,655.19140625,525.1166381835938,6936.73828125,39.955039978027344,1844.080078125
2020-01-22,587.6514892578125,195.48655700683594,505.6939392089844,661.8077392578125,525.8765869140625,6778.05908203125,39.86273956298828,1874.5313720703125
2020-01-23,589.5457153320312,196.4467010498047,510.3849182128906,673.9664306640625,538.1305541992188,6788.98291015625,40.2990837097168,1865.209228515625
2020-01-24,589.4037475585938,197.2147979736328,516.3330078125,672.5914916992188,539.3179931640625,6771.2666015625,40.56340789794922,1858.7813720703125
2020-01-27,574.5567626953125,190.34974670410156,519.62158203125,668.5958862304688,549.3397827148438,6790.59716796875,38.80543518066406,1846.7347412109375
2020-01-28,579.2925415039062,188.1894073486328,510.8684997558594,668.5101318359375,543.8301391601562,6646.45068359375,37.446048736572266,1859.07958984375
2020-01-29,585.283447265625,189.8696746826172,509.32098388671875,678.5633544921875,548.8171997070312,6659.03662109375,37.945335388183594,1834.2637939453125
2020-01-30,580.6423950195312,185.74102783203125,514.7372436523438,670.830078125,539.4129638671875,6668.6787109375,37.63904571533203,1820.0037841796875
2020-01-31,580.7608032226562,181.80442810058594,508.40216064453125,666.7484741210938,538.748046875,6567.08740234375,36.8125114440918,1769.9456787109375
2020-02-03,564.8955688476562,174.55526733398438,498.6335144042969,659.40185546875,530.7212524414062,6659.9873046875,36.59013748168945,1789.9091796875
2020-02-04,582.4182739257812,181.70840454101562,513.3831787109375,676.9736328125,548.0098266601562,6838.85205078125,37.92015838623047,1794.37841796875
2020-02-05,589.4509887695312,188.4774627685547,521.4108276367188,674.1381225585938,555.086669921875,6688.103515625,39.86273956298828,1827.4102783203125
2020-02-06,587.1541748046875,186.26910400390625,523.8287353515625,662.7958984375,551.0970458984375,6669.77099609375,40.076717376708984,1811.916015625
2020-02-07,588.2907104492188,189.5336151123047,518.8477172851562,667.9085083007812,540.6004028320312,6622.4189453125,39.52288818359375,1818.8968505859375
2020-02-10,587.3909912109375,183.24464416503906,516.4298095703125,664.3854370117188,501.9385986328125,6547.51953125,37.24046325683594,1840.5203857421875
2020-02-11,587.5330810546875,185.93304443359375,522.0394897460938,664.6863403320312,497.80645751953125,6681.31201171875,37.26564025878906,1833.2415771484375
2020-02-12,591.5111694335938,185.93304443359375,531.276123046875,671.1307373046875,504.4083251953125,6690.38330078125,37.58869552612305,1848.011962890625
2020-02-13,587.9119873046875,187.4693145751953,523.2484741210938,680.7545776367188,506.8781433105469,6654.05029296875,37.026493072509766,1866.059814453125
2020-02-14,577.4692993164062,186.26910400390625,527.8909301757812,675.7708129882812,496.80902099609375,6567.37255859375,36.464271545410156,1859.4619140625
2020-02-17,576.427490234375,182.6685333251953,523.8287353515625,678.3486328125,496.5715637207031,6560.6748046875,36.65727615356445,1875.6805419921875
2020-02-18,574.5803833007812,177.00367736816406,523.4419555664062,685.3947143554688,496.9990539550781,6441.32177734375,36.199947357177734,1886.3218994140625
2020-02-19,581.18701171875,180.60421752929688,526.923828125,687.800537109375,500.03875732421875,6418.04931640625,36.35098648071289,1869.8057861328125
2020-02-20,576.4036865234375,182.3804931640625,529.0516357421875,684.8360595703125,498.56634521484375,6418.99951171875,37.219486236572266,1836.13623046875
2020-02-24,573.017578125,171.9148712158203,512.4642944335938,683.847900390625,487.499755859375,6146.18994140625,34.86153793334961,1800.8486328125
2020-02-25,568.4474487304688,167.49818420410156,513.5282592773438,686.0390625,483.462646484375,6093.1376953125,35.35242462158203,1835.582275390625
2020-02-26,567.9502563476562,163.12948608398438,506.5161437988281,672.5914916992188,477.81060791015625,5922.44287109375,34.932865142822266,1807.8724365234375
2020-02-27,568.044921875,161.64126586914062,498.4400939941406,668.3810424804688,468.7862854003906,5974.63916015625,34.63916778564453,1792.463134765625
2020-02-28,557.7207641601562,149.68739318847656,480.93402099609375,628.7258911132812,434.16168212890625,5968.27392578125,32.0336799621582,1702.7762451171875
2020-03-02,558.6441650390625,143.782470703125,489.4936218261719,636.7601318359375,435.3490905761719,5970.2216796875,30.548423767089844,1703.75537109375
2020-03-03,559.6860961914062,152.95188903808594,497.8597717285156,641.8726196289062,442.9009704589844,6066.06640625,32.5203742980957,1733.466064453125
2020-03-04,544.0814208984375,154.20008850097656,491.6698303222656,651.9690551757812,450.8802795410156,6064.45166015625,31.647680282592773,1773.478759765625
2020-03-05,545.265380859375,149.30332946777344,487.94610595703125,648.4030151367188,455.29742431640625,6046.97412109375,31.530200958251953,1809.106689453125
2020-03-06,537.474853515625,144.11851501464844,470.39166259765625,634.9556274414062,447.4130859375,6122.9658203125,29.495323181152344,1801.78515625
2020-03-09,524.4038696289062,137.7335205078125,442.7301025390625,605.3108520507812,440.00372314453125,5890.3837890625,27.045068740844727,1679.109375
2020-03-11,527.4821166992188,132.30868530273438,450.3708801269531,589.4573364257812,428.984619140625,5838.32958984375,25.1528377532959,1663.2320556640625
2020-03-12,483.6752624511719,115.41002655029297,411.683349609375,542.3695068359375,402.1492919921875,5360.390625,24.120712280273438,1506.71630859375
2020-03-13,506.6442565917969,122.37112426757812,432.5262756347656,551.9503784179688,407.3739013671875,5546.0478515625,27.414283752441406,1537.7470703125
2020-03-16,473.35101318359375,111.04134368896484,389.67987060546875,501.0817565917969,372.1793212890625,5205.65185546875,24.301124572753906,1444.1864013671875
2020-03-17,461.7955017089844,110.80132293701172,355.1995849609375,476.8504638671875,354.70074462890625,5323.15478515625,23.726322174072266,1411.4957275390625
2020-03-18,415.2891540527344,104.84838104248047,343.3999328613281,459.1064758300781,329.0528259277344,5084.4462890625,23.566884994506836,1408.4310302734375
2020-03-19,424.1215515136719,95.77497100830078,327.4413146972656,468.7732849121094,298.4654235839844,4578.05810546875,22.811670303344727,1403.24267578125
2020-03-20,418.1070251464844,101.29583740234375,334.35675048828125,502.84320068359375,306.4447326660156,4824.6982421875,24.98501205444336,1541.3929443359375
2020-03-23,365.39666748046875,84.39718627929688,274.6812744140625,452.3611755371094,278.70703125,4008.882080078125,22.752933502197266,1431.842041015625
2020-03-24,363.5733642578125,85.21331024169922,286.7711181640625,506.7958679199219,255.5289306640625,4261.6494140625,22.81587028503418,1460.52685546875
2020-03-25,405.7463684082031,90.78218841552734,306.501708984375,520.887939453125,263.93572998046875,4755.119140625,24.0661678314209,1500.960205078125
2020-03-26,426.7499694824219,90.78218841552734,319.4136962890625,552.5089111328125,271.20263671875,4633.5791015625,23.868972778320312,1535.8189697265625
2020-03-27,428.33648681640625,87.90174102783203,328.6986999511719,560.8436889648438,279.7519226074219,4413.298828125,23.264801025390625,1564.58984375
2020-03-30,393.8593444824219,85.26132202148438,303.1166076660156,538.5028076171875,260.65850830078125,4111.56640625,21.318025588989258,1525.142578125
2020-03-31,408.18536376953125,91.8863525390625,313.126953125,551.2200317382812,270.68017578125,4073.42724609375,22.622867584228516,1565.9617919921875
2020-04-01,392.9121398925781,87.99775695800781,300.94036865234375,517.9664306640625,259.1861572265625,4033.579833984375,22.35015296936035,1465.3289794921875
2020-04-03,385.4294128417969,85.26132202148438,277.24432373046875,503.27288818359375,266.6430358886719,3810.4970703125,21.2928524017334,1418.550048828125
2020-04-07,424.3819885253906,99.8075942993164,315.3998718261719,549.0718994140625,304.9248962402344,4325.4814453125,23.176692962646484,1522.3128662109375
2020-04-08,420.9721984863281,96.83112335205078,308.48443603515625,542.7131958007812,310.054443359375,4462.6943359375,23.05501937866211,1462.4991455078125
2020-04-09,438.09234619140625,103.2641372680664,331.4552001953125,546.7088012695312,362.3000793457031,5059.74951171875,23.902538299560547,1514.5518798828125
2020-04-13,424.02679443359375,109.26507568359375,319.800537109375,547.697021484375,344.6790771484375,5018.42919921875,23.709537506103516,1508.6348876953125
2020-04-15,408.84832763671875,110.51326751708984,316.6088562011719,549.1148071289062,335.46484375,4839.04150390625,23.927709579467773,1487.9681396484375
2020-04-16,416.63885498046875,115.74608612060547,330.77813720703125,536.0538940429688,338.83709716796875,4873.71240234375,24.242382049560547,1471.589111328125
2020-04-17,431.1069641113281,119.20262908935547,363.2272644042969,540.2642822265625,345.01153564453125,5229.16259765625,24.615795135498047,1548.896484375
2020-04-20,447.4694519042969,111.80946350097656,349.4448547363281,561.359375,338.02960205078125,5064.21435546875,24.032602310180664,1559.5732421875
2020-04-21,436.48223876953125,102.83206939697266,320.961181640625,544.0880737304688,315.42144775390625,4750.51123046875,22.316585540771484,1490.112060546875
2020-04-22,439.77362060546875,103.9842529296875,324.92669677734375,551.520751953125,323.16339111328125,4921.2548828125,22.517976760864258,1517.4246826171875
2020-04-23,452.252685546875,106.81668853759766,341.3688659667969,583.7003173828125,330.0977783203125,4897.98291015625,22.68160629272461,1610.682373046875
2020-04-24,444.2490539550781,99.5195541381836,323.8627624511719,565.39794921875,317.55877685546875,4792.8291015625,22.450849533081055,1559.4873046875
2020-04-27,440.2945861816406,103.88822937011719,336.4845275878906,571.0690307617188,313.7591247558594,4802.9931640625,22.794891357421875,1574.966064453125
2020-04-28,441.0997009277344,104.41631317138672,348.04248046875,567.7178955078125,319.1261901855469,4799.52587890625,22.954326629638672,1594.2183837890625
2020-04-29,462.74267578125,111.66545104980469,358.2946472167969,581.3372802734375,330.5727233886719,4814.48681640625,23.71792984008789,1634.1793212890625
2020-04-30,474.4402770996094,125.01152801513672,367.6763610839844,614.8057861328125,348.28875732421875,5090.28857421875,25.03116226196289,1727.4801025390625
2020-05-04,437.1215515136719,111.28138732910156,326.9577331542969,578.8883666992188,339.16949462890625,4641.46337890625,22.958520889282227,1655.4466552734375
2020-05-05,431.651611328125,111.28138732910156,319.9940185546875,578.8883666992188,349.713623046875,4587.84228515625,22.878801345825195,1657.4189453125
2020-05-06,448.2035217285156,113.87379455566406,330.19781494140625,572.1860961914062,367.76214599609375,4600.57080078125,23.306758880615234,1632.421630859375
2020-05-07,438.0686950683594,112.96165466308594,325.7004089355469,571.3698120117188,380.5860595703125,4511.32861328125,23.147323608398438,1622.173828125
2020-05-08,439.9867858886719,112.4335708618164,326.6192321777344,579.3180541992188,367.334716796875,4420.9453125,22.899782180786133,1623.6746826171875
2020-05-11,433.7117004394531,114.97797393798828,309.64508056640625,586.7935791015625,370.564453125,4690.38330078125,23.176692962646484,1659.6055908203125
2020-05-12,426.9631042480469,116.274169921875,310.6606750488281,590.8753051757812,373.3666687011719,4703.20751953125,22.98788833618164,1671.7828369140625
2020-05-13,439.3237609863281,118.62653350830078,326.9577331542969,596.46044921875,392.3651123046875,4783.7578125,23.20606231689453,1671.9114990234375
2020-05-14,423.2453918457031,112.52957153320312,316.6571960449219,565.5267944335938,380.3961486816406,4857.8017578125,22.534759521484375,1631.3497314453125
2020-05-15,420.61700439453125,114.49789428710938,312.1114501953125,560.5,362.205078125,4844.83642578125,22.945932388305664,1623.245849609375
2020-05-18,396.2272644042969,110.75330352783203,288.7054748535156,570.4676513671875,358.31048583984375,4484.3994140625,22.371131896972656,1668.4383544921875
2020-05-19,393.3857421875,112.62560272216797,290.4464111328125,574.506103515625,363.7250061035156,4564.52197265625,22.82425880432129,1671.0537109375
2020-05-20,405.912109375,115.98612213134766,295.6208801269531,575.3223876953125,384.7657775878906,4646.83056640625,23.764081954956055,1675.2984619140625
2020-05-21,407.0724182128906,124.33942413330078,294.4118957519531,577.5994873046875,387.85302734375,4797.05615234375,23.80603790283203,1707.5423583984375
2020-05-22,397.26910400390625,119.8747329711914,281.49993896484375,594.9137573242188,404.9991149902344,4877.037109375,23.02984619140625,1732.539794921875
2020-05-26,403.6862487792969,123.95538330078125,283.0957946777344,584.7744140625,407.6589050292969,4983.28271484375,23.533321380615234,1666.208251953125
2020-05-27,427.9576721191406,127.98799896240234,308.3877868652344,606.1701049804688,410.8410949707031,4981.62060546875,24.162668228149414,1719.6336669921875
2020-05-28,447.6589050292969,132.88475036621094,316.1252746582031,607.8457641601562,418.34552001953125,5194.35009765625,24.796207427978516,1718.776123046875
2020-05-29,450.68988037109375,133.3168487548828,321.0578918457031,601.8361206054688,414.49835205078125,5329.66064453125,24.771034240722656,1691.3778076171875
2020-06-01,467.7389831542969,133.60487365722656,328.1183776855469,609.2827758789062,438.00885009765625,5503.302734375,26.449289321899414,1753.892578125
2020-06-02,474.0613708496094,135.52517700195312,336.9681701660156,616.7294921875,439.6712341308594,5404.98828125,26.80172348022461,1755.5216064453125
2020-06-03,484.1251525878906,137.63751220703125,345.140869140625,611.024658203125,460.8070068359375,5342.2001953125,26.633895874023438,1759.822021484375
2020-06-04,474.3929138183594,136.9654083251953,336.4361877441406,616.4246826171875,454.4900207519531,5405.0830078125,26.847871780395508,1798.8692626953125
2020-06-05,489.38189697265625,143.30238342285156,345.4794006347656,612.7666015625,459.95208740234375,5458.27734375,28.442216873168945,1761.62841796875
2020-06-08,481.11785888671875,140.51797485351562,347.99407958984375,627.8343505859375,447.2706298828125,5447.44873046875,27.993284225463867,1781.83984375
2020-06-09,467.5732116699219,136.9174041748047,337.11322021484375,625.0037231445312,454.7750244140625,5378.5810546875,27.87580680847168,1782.0980224609375
2020-06-10,469.72808837890625,141.0940399169922,341.417236328125,623.4794311523438,448.4104919433594,5391.21484375,27.187721252441406,1813.6627197265625
2020-06-11,458.7171325683594,138.64566040039062,330.0527648925781,613.1150512695312,450.7853088378906,5154.26318359375,26.27726936340332,1778.3134765625
2020-06-12,465.4184265136719,140.2299346923828,332.90594482421875,602.7506103515625,482.9877014160156,5283.0693359375,26.650678634643555,1754.1029052734375
2020-06-15,449.83740234375,139.98988342285156,320.23583984375,598.8311767578125,482.7026672363281,5201.37841796875,25.694074630737305,1745.8463134765625
2020-06-16,469.0414123535156,144.11851501464844,331.6969909667969,610.7198486328125,481.3727722167969,5226.5029296875,25.924835205078125,1759.521240234375
2020-06-17,463.7608642578125,142.10220336914062,330.72979736328125,612.8536376953125,472.6810302734375,5439.27880859375,25.861900329589844,1761.2415771484375
2020-06-18,483.0359191894531,144.79063415527344,340.4500427246094,621.7811279296875,481.2303161621094,5428.0703125,26.692636489868164,1752.898681640625
2020-06-19,489.38189697265625,145.03065490722656,351.86279296875,614.508544921875,475.0082702636719,5601.853515625,26.898218154907227,1758.4892578125
2020-06-22,487.2034606933594,144.11851501464844,355.4897766113281,612.8973388671875,473.7734069824219,5600.5712890625,27.330371856689453,1744.1689453125
2020-06-23,493.62060546875,152.03976440429688,363.8076171875,627.66015625,490.53955078125,5591.54736328125,27.85902214050293,1750.4906005859375
2020-06-24,488.9794616699219,145.36671447753906,336.677978515625,621.9988403320312,489.54205322265625,5466.96875,27.359739303588867,1756.425048828125
2020-06-25,487.2034606933594,140.7580108642578,339.48284912109375,610.1102905273438,481.8477478027344,5473.5703125,27.112199783325195,1733.9774169921875
2020-06-26,500.32183837890625,145.03065490722656,337.6451721191406,651.6552124023438,476.2907409667969,5466.541015625,27.17513084411621,1822.34912109375
2020-06-29,509.6041259765625,140.03790283203125,331.8420715332031,637.3278198242188,482.0377502441406,5394.15966796875,26.92339324951172,1807.5556640625
2020-06-30,504.7735290527344,140.37391662597656,339.9180908203125,640.98583984375,485.1249694824219,5545.76220703125,27.414283752441406,1790.784423828125
2020-07-01,513.6533203125,141.67013549804688,352.1046142578125,637.4584350585938,473.96343994140625,5512.32666015625,27.162546157836914,1799.2991943359375
2020-07-02,515.9265747070312,141.86216735839844,350.9440002441406,658.9713134765625,503.1734924316406,5650.39306640625,28.10236930847168,1855.289306640625
2020-07-03,508.6095886230469,140.5659637451172,349.15472412109375,664.2843017578125,503.933349609375,5634.8623046875,27.68280792236328,1891.8426513671875
2020-07-06,522.3673706054688,148.19915771484375,349.9768371582031,665.4164428710938,541.977783203125,5816.76708984375,28.438018798828125,1946.4996337890625
2020-07-07,523.3856201171875,146.23085021972656,363.71087646484375,691.6759643554688,531.9561157226562,5914.74853515625,27.716373443603516,1952.26171875
2020-07-08,525.8482055664062,148.82325744628906,356.8438720703125,674.7357788085938,523.6443481445312,5741.53564453125,28.043630599975586,1908.3984375
2020-07-09,532.7626342773438,158.23272705078125,358.19793701171875,680.8325805664062,532.2410888671875,5701.591796875,28.90793228149414,1895.8846435546875
2020-07-10,523.36181640625,157.1765594482422,348.5260314941406,680.963134765625,527.0640258789062,5657.23193359375,28.421234130859375,1911.36572265625
2020-07-13,511.59320068359375,162.50540161132812,341.9975280761719,694.2017822265625,528.0139770507812,5688.76904296875,28.706539154052734,1909.34423828125
2020-07-14,501.4584655761719,157.27256774902344,334.211669921875,682.1824951171875,517.8973388671875,5482.54736328125,28.249216079711914,1868.0181884765625
2020-07-15,498.75909423828125,158.80880737304688,334.45343017578125,723.7275390625,522.599365234375,5510.6162109375,28.471586227416992,1921.2991943359375
2020-07-16,503.21075439453125,159.4329376220703,333.3411865234375,793.4481201171875,544.6367797851562,5580.95556640625,28.668779373168945,1926.3424072265625
2020-07-17,520.2125854492188,155.68833923339844,342.1909484863281,786.6110229492188,561.7132568359375,5622.8935546875,29.449169158935547,1897.0340576171875
2020-07-20,536.5986938476562,154.4881134033203,351.089111328125,813.7415771484375,566.674072265625,5573.49951171875,29.570846557617188,1903.1973876953125
2020-07-21,539.2034301757812,153.62400817871094,366.37060546875,815.8755493164062,561.2362670898438,5823.65380859375,30.137252807617188,1917.9805908203125
2020-07-22,533.4256591796875,153.52796936035156,368.5951843261719,799.457763671875,564.7660522460938,5702.58984375,29.373647689819336,1888.5867919921875
2020-07-23,535.3436889648438,155.5443115234375,379.3793029785156,790.7916259765625,575.5939331054688,5762.00634765625,29.528884887695312,1871.561767578125
2020-07-24,529.9921264648438,149.97543334960938,369.272216796875,803.7689208984375,571.1578369140625,5700.0244140625,29.042192459106445,1859.666748046875
2020-07-27,511.2380676269531,151.89572143554688,346.7367248535156,826.0657958984375,567.0557250976562,5740.490234375,29.608600616455078,1902.2493896484375
2020-07-28,514.6242065429688,158.13671875,340.5467834472656,838.6076049804688,591.811767578125,5967.98974609375,30.082706451416016,1990.9915771484375
2020-07-29,504.1816101074219,157.51263427734375,339.5311584472656,831.0301513671875,577.0248413085938,5875.23193359375,31.362377166748047,1961.9422607421875
2020-07-30,497.5751037597656,155.5443115234375,333.6313781738281,837.3882446289062,570.8239135742188,5951.4619140625,30.76240348815918,1964.9168701171875
2020-07-31,489.1215515136719,156.6004638671875,335.4206237792969,841.3511352539062,578.5513305664062,5948.9443359375,30.737226486206055,1966.55419921875
2020-08-03,474.5350036621094,154.9202117919922,331.98712158203125,833.4253540039062,569.67919921875,5856.283203125,31.341400146484375,1943.064697265625
2020-08-04,493.3128356933594,155.88037109375,339.48284912109375,827.2850952148438,574.87841796875,6040.32470703125,31.236507415771484,1939.2286376953125
2020-08-05,486.6351623535156,168.74635314941406,340.64349365234375,822.799560546875,585.9924926757812,6199.2412109375,33.21265411376953,1947.6763916015625
2020-08-06,492.8628234863281,170.9066925048828,346.9785461425781,845.5753173828125,581.6041259765625,6227.2626953125,34.473838806152344,1989.5693359375
2020-08-07,494.3546142578125,170.52264404296875,346.2048034667969,828.1995849609375,572.8272705078125,6344.33740234375,34.783756256103516,1978.5787353515625
2020-08-10,497.5751037597656,171.4827880859375,351.6210632324219,828.5913696289062,599.9685668945312,6277.75,35.31319808959961,1967.7606201171875
2020-08-11,505.15240478515625,171.81884765625,355.29632568359375,826.0657958984375,600.5886840820312,6316.03076171875,35.85124588012695,1965.2608642578125
2020-08-12,503.75531005859375,168.79437255859375,354.8127746582031,831.7269287109375,605.740234375,6393.06689453125,35.68336868286133,1945.8232421875
2020-08-13,501.55322265625,176.23553466796875,355.9734191894531,828.4608154296875,602.4011840820312,6451.8671875,35.5628547668457,1943.3231201171875
2020-08-14,489.90289306640625,177.57974243164062,349.5415954589844,830.5511474609375,586.1832885742188,6314.37939453125,36.02772521972656,1932.7205810546875
2020-08-17,489.0978698730469,184.87689208984375,348.3809509277344,833.9478759765625,594.9122924804688,6487.08935546875,36.59160232543945,1942.4183349609375
2020-08-18,500.34552001953125,188.1894073486328,357.42413330078125,842.7011108398438,594.0060424804688,6606.607421875,37.405128479003906,1956.511474609375
2020-08-19,505.1287536621094,188.95753479003906,362.1634216308594,835.515625,595.1985473632812,6699.7666015625,37.16408157348633,1945.176513671875
2020-08-20,501.529541015625,191.06985473632812,355.6832275390625,831.9011840820312,583.8936157226562,6684.8154296875,37.24155807495117,1941.9447021484375
2020-08-21,514.150634765625,188.42945861816406,358.9716796875,826.3705444335938,581.7471923828125,6683.18603515625,36.918731689453125,1938.2813720703125
2020-08-24,529.0213012695312,185.5970001220703,367.86981201171875,825.1513671875,574.2583618164062,6788.13427734375,36.97468566894531,1937.849853515625
2020-08-25,530.2762451171875,183.67669677734375,373.67291259765625,817.05126953125,581.31787109375,6814.44384765625,36.50120544433594,1933.151611328125
2020-08-26,529.6842651367188,185.78903198242188,376.574462890625,828.1124267578125,585.1339111328125,6717.35400390625,36.58729553222656,1942.5045166015625
2020-08-27,526.677001953125,187.1332244873047,379.3309631347656,824.8463745117188,607.4574584960938,6802.99072265625,36.74655532836914,1938.1083984375
2020-08-28,527.8135986328125,186.07708740234375,396.25677490234375,814.5690307617188,602.3535766601562,6808.83740234375,36.51842498779297,1929.6173095703125
2020-08-31,528.4529418945312,177.86778259277344,381.6522216796875,808.777099609375,578.9805908203125,6555.66650390625,35.554237365722656,1945.7366943359375
2020-09-01,533.8756103515625,186.31712341308594,378.12200927734375,796.1917724609375,579.6006469726562,6618.634765625,36.90151596069336,1936.341552734375
2020-09-02,537.11962890625,188.3814239501953,379.5243835449219,804.7705688476562,613.1814575195312,6633.107421875,37.762393951416016,1952.546142578125
2020-09-03,535.5805053710938,185.293212890625,370.1910400390625,814.8302612304688,614.993896484375,6778.64599609375,37.71504211425781,1982.156494140625
2020-09-04,530.0868530273438,181.7224578857422,360.32574462890625,800.5465698242188,602.9259033203125,6891.2626953125,36.26877212524414,1972.9326171875
2020-09-07,525.9192504882812,180.95040893554688,361.1478271484375,805.68505859375,582.3673095703125,6909.52099609375,36.372074127197266,2005.9044189453125
2020-09-08,526.8427734375,173.9536590576172,363.37237548828125,818.0963745117188,580.6023559570312,6923.75439453125,34.8741455078125,2024.135498046875
2020-09-09,519.2890014648438,176.4145965576172,355.5381774902344,808.0366821289062,585.6586303710938,6915.36767578125,35.93302917480469,2006.4212646484375
2020-09-10,516.47119140625,170.47938537597656,358.53643798828125,818.74951171875,587.1373291015625,6931.08544921875,35.123802185058594,2009.4384765625
2020-09-11,510.8355407714844,172.4095458984375,358.34295654296875,823.6705322265625,585.9924926757812,6894.6171875,35.08075714111328,2046.4615478515625
2020-09-14,501.0322570800781,169.6591033935547,351.76611328125,852.1510620117188,586.994140625,6832.55859375,34.83540725708008,2147.572509765625
2020-09-15,506.9757995605469,170.57591247558594,359.35858154296875,855.678466796875,585.2293090820312,6759.66943359375,34.88705825805664,2147.572509765625
2020-09-16,517.9393920898438,177.37965393066406,362.4051818847656,872.4880981445312,610.033203125,6764.60595703125,34.83110427856445,2157.572021484375
2020-09-17,513.1798095703125,169.70736694335938,356.8922119140625,880.5444946289062,607.5050659179688,6791.345703125,34.32318115234375,2121.325927734375
2020-09-18,500.7243957519531,173.2298583984375,357.42413330078125,872.8365478515625,624.0569458007812,6675.27880859375,34.04770278930664,2111.800048828125
2020-09-21,496.93572998046875,161.31126403808594,339.19268798828125,879.5864868164062,593.8153076171875,6351.5185546875,32.145164489746094,2125.07568359375
2020-09-22,490.35284423828125,157.74049377441406,342.77130126953125,877.4960327148438,587.4711303710938,6172.865234375,32.20973205566406,2174.768798828125
2020-09-23,495.9648132324219,159.67063903808594,340.304931640625,888.1654663085938,584.4183959960938,6231.0908203125,31.10350799560547,2126.927978515625
2020-09-24,487.98492431640625,153.54246520996094,324.6848449707031,849.5382690429688,548.6434326171875,6035.95361328125,29.60557746887207,2010.386962890625
2020-09-25,494.42572021484375,156.389404296875,337.2099609375,880.9365234375,565.05224609375,6227.64111328125,30.311494827270508,2088.009033203125
2020-09-28,499.2562561035156,161.84202575683594,351.089111328125,880.0219116210938,586.9464721679688,6424.40771484375,31.07767677307129,2091.456787109375
2020-09-29,503.21075439453125,170.2381591796875,345.3343200683594,878.8026123046875,584.9907836914062,6462.505859375,31.856773376464844,2144.9873046875
2020-09-30,510.81182861328125,169.12832641601562,343.1097717285156,878.1492919921875,579.9345703125,6463.17724609375,30.97006607055664,2148.3486328125
2020-10-01,524.2379760742188,168.0184783935547,357.0856628417969,886.3364868164062,582.0811767578125,6513.830078125,31.417720794677734,2175.199462890625
2020-10-05,527.7426147460938,172.7955780029297,360.857666015625,913.3797607421875,579.0759887695312,6535.44287109375,32.91135025024414,2332.38427734375
2020-10-06,541.831787109375,170.72067260742188,368.1116027832031,919.5200805664062,598.5375366210938,6605.93603515625,32.48951721191406,2339.71142578125
2020-10-07,550.4274291992188,166.81216430664062,370.0943298339844,928.9265747070312,602.5443115234375,6754.0146484375,31.94716453552246,2358.37353515625
2020-10-08,564.4219360351562,168.16326904296875,374.78521728515625,952.5731811523438,604.97705078125,6785.5947265625,32.166690826416016,2435.737548828125
2020-10-09,584.1942749023438,164.06170654296875,388.3258056640625,963.98291015625,604.0706787109375,6768.87060546875,31.80942153930664,2424.74755859375
2020-10-12,574.7698974609375,166.13658142089844,390.7920837402344,986.01806640625,605.2155151367188,6840.0341796875,31.94716453552246,2439.444091796875
2020-10-13,567.5712280273438,167.19818115234375,383.248046875,1008.4020385742188,599.0145874023438,6740.5966796875,31.710418701171875,2436.470458984375
2020-10-14,573.7516479492188,168.11500549316406,393.4518737792969,990.2861328125,595.1507568359375,6711.31640625,32.330257415771484,2432.185302734375
2020-10-15,553.7425537109375,167.58419799804688,378.1703186035156,965.2454833984375,588.9021606445312,6606.1279296875,32.188209533691406,2372.453857421875
2020-10-16,567.99755859375,173.51937866210938,383.1029968261719,982.011962890625,578.7420654296875,6608.33203125,33.905662536621094,2392.104736328125
2020-10-19,569.9866333007812,176.31808471679688,403.4139404296875,980.6183471679688,569.9653930664062,6567.1669921875,34.04770278930664,2347.30615234375
2020-10-20,579.6477661132812,174.4844512939453,400.9959411621094,990.721435546875,574.5444946289062,6560.12255859375,33.78083038330078,2371.069091796875
2020-10-21,590.4219360351562,179.4545440673828,406.5089111328125,1000.1713256835938,573.2089233398438,6576.65576171875,34.783756256103516,2316.01220703125
2020-10-22,584.0758666992188,178.00694274902344,399.3517150878906,983.3618774414062,576.5479125976562,6528.44580078125,35.26585006713867,2312.333251953125
2020-10-23,585.2598876953125,175.8837890625,403.2688293457031,988.1597290039062,596.3910522460938,6808.0224609375,36.453857421875,2325.881591796875
2020-10-26,573.467529296875,166.3778533935547,391.17901611328125,979.312255859375,569.67919921875,6761.5859375,35.15823745727539,2327.09326171875
2020-10-27,583.9810791015625,168.35626220703125,396.4985656738281,960.2974853515625,569.67919921875,6860.88037109375,35.38206481933594,2276.84130859375
2020-10-28,572.8517456054688,164.4959716796875,383.05462646484375,947.7088623046875,576.3571166992188,6887.38134765625,34.63310241699219,2269.95849609375
2020-10-29,562.2433471679688,162.03504943847656,386.7782897949219,946.2122802734375,564.7184448242188,6821.87255859375,34.55561828613281,2279.0048828125
2020-10-30,560.514892578125,164.68898010253906,379.71783447265625,933.6677856445312,566.674072265625,6675.66259765625,35.343326568603516,2306.87939453125
2020-11-02,575.527587890625,164.78550720214844,403.75244140625,943.967529296875,568.6296997070312,6582.88525390625,34.68044662475586,2254.72314453125
2020-11-03,591.013916015625,173.4711151123047,429.28619384765625,935.3843994140625,568.3911743164062,6626.01513671875,35.02910232543945,2279.827392578125
2020-11-04,595.4893188476562,170.3346405029297,422.70928955078125,963.0263671875,569.34521484375,6665.0234375,34.77083969116211,2296.75146484375
2020-11-05,601.07763671875,180.80563354492188,424.1117248535156,971.8735961914062,574.4014282226562,6798.00634765625,36.63033676147461,2324.928466796875
2020-11-06,619.287109375,181.57769775390625,428.2706604003906,979.5765380859375,585.3723754882812,6620.50390625,36.71642303466797,2343.757080078125
2020-11-09,634.8681030273438,187.8988800048828,447.5177001953125,1000.5281982421875,587.9959106445312,6586.52734375,37.732261657714844,2360.334716796875
2020-11-10,660.0156860351562,185.63099670410156,467.97369384765625,960.4735107421875,591.4303588867188,6511.09912109375,38.042171478271484,2293.677490234375
2020-11-11,658.2633666992188,196.9222869873047,470.5851135253906,988.1597290039062,604.0706787109375,6572.3427734375,40.801292419433594,2326.746826171875
2020-11-12,649.6204223632812,201.31336975097656,461.058349609375,983.97802734375,603.5936889648438,6552.69482421875,40.73241424560547,2312.24658203125
2020-11-13,643.5111694335938,203.19525146484375,469.617919921875,989.6560668945312,600.874755859375,6526.24169921875,41.88599395751953,2299.954345703125
2020-11-14,648.6732788085938,201.98890686035156,470.92364501953125,997.7991333007812,602.3058471679688,6567.4541015625,42.37239456176758,2311.64111328125
2020-11-17,667.0247802734375,206.09043884277344,470.4400329589844,989.2157592773438,607.9344482421875,6691.28515625,44.998069763183594,2307.9189453125
2020-11-18,667.14306640625,211.6878662109375,481.32086181640625,977.6397094726562,673.2831420898438,6761.10693359375,44.52458953857422,2273.810791015625
2020-11-19,650.8754272460938,206.37997436523438,463.0410461425781,965.4913940429688,671.518310546875,6673.88916015625,45.07554626464844,2282.6845703125
2020-11-20,664.7515258789062,208.0205841064453,464.4435119628906,971.3012084960938,682.6799926757812,6676.3330078125,45.87615966796875,2302.8974609375
2020-11-23,660.4655151367188,210.4332733154297,452.8855895996094,1003.4329223632812,672.9970092773438,6697.3232421875,46.75425720214844,2358.30029296875
2020-11-24,681.114013671875,218.10556030273438,462.50909423828125,1003.609130859375,695.7974853515625,6860.88037109375,47.20191192626953,2356.395751953125
2020-11-25,664.3489379882812,215.64463806152344,457.1895751953125,982.1292724609375,686.8299560546875,6762.44873046875,46.594993591308594,2338.43310546875
2020-11-26,675.6441040039062,221.86932373046875,459.7042236328125,979.97265625,694.9866333007812,6703.55322265625,48.932273864746094,2355.140625
2020-11-27,682.3690185546875,218.443359375,457.8182678222656,968.3524169921875,688.78564453125,6743.37548828125,49.702762603759766,2319.69140625
2020-12-01,678.79345703125,221.29029846191406,469.1826477050781,1001.67236328125,700.7582397460938,6806.537109375,50.430206298828125,2360.5078125
2020-12-02,666.3143920898438,223.75120544433594,464.68524169921875,1004.3572998046875,718.9318237304688,6906.9814453125,52.02713394165039,2380.20263671875
2020-12-03,652.2251586914062,233.54666137695312,466.039306640625,991.6368408203125,711.5383911132812,7417.4453125,53.45187759399414,2345.488525390625
2020-12-04,656.2032470703125,243.87289428710938,485.5765075683594,998.85546875,716.0222778320312,7478.83349609375,53.606842041015625,2361.1572265625
2020-12-07,649.8809204101562,242.47354125976562,493.7008972167969,1006.646240234375,717.6917724609375,7421.56591796875,52.90522766113281,2369.94384765625
2020-12-08,651.7988891601562,237.117431640625,491.7181396484375,1015.3173828125,719.3135375976562,7440.064453125,52.81053161621094,2421.537841796875
2020-12-09,666.4328002929688,232.5815887451172,494.7164001464844,1034.552490234375,720.2675170898438,7388.8359375,52.45756912231445,2433.22412109375
2020-12-10,656.3216552734375,234.22219848632812,490.31573486328125,1027.9940185546875,702.2847290039062,7414.4736328125,52.52213668823242,2410.284423828125
2020-12-11,654.8772583007812,235.13902282714844,498.5368347167969,1023.9885864257812,694.0802612304688,7412.12548828125,53.520748138427734,2409.677734375
2020-12-14,649.8335571289062,237.74473571777344,508.5472717285156,1025.177001953125,678.95947265625,7376.9033203125,53.95549774169922,2421.88427734375
2020-12-15,658.9027099609375,236.00758361816406,501.051513671875,1016.4178466796875,684.921875,7442.5087890625,54.69585418701172,2390.590087890625
2020-12-16,668.0903930664062,242.6665496826172,495.6352844238281,1026.189453125,698.27783203125,7472.31591796875,55.38885498046875,2436.16748046875
2020-12-17,682.8189086914062,237.26219177246094,493.65252685546875,1020.46728515625,697.0377197265625,7374.2197265625,54.69154739379883,2456.943115234375
2020-12-18,668.398193359375,241.17068481445312,500.1810607910156,1047.405029296875,699.8519287109375,7245.5498046875,54.342891693115234,2476.680419921875
2020-12-21,650.0703735351562,224.18548583984375,478.27423095703125,1036.4010009765625,654.39404296875,7069.5322265625,51.29538345336914,2441.318115234375
2020-12-22,650.283447265625,223.79945373535156,483.8839416503906,1074.43115234375,663.0753784179688,7088.0302734375,51.768863677978516,2486.635986328125
2020-12-23,651.4911499023438,227.9492645263672,487.0756530761719,1103.0853271484375,678.7686767578125,7140.31298828125,53.49492645263672,2518.016845703125
2020-12-24,661.6495361328125,228.6730499267578,496.69915771484375,1088.1197509765625,678.1962280273438,7136.57470703125,53.57240676879883,2518.535888671875
2020-12-28,669.1085205078125,231.52000427246094,503.0342102050781,1091.861328125,678.2439575195312,7171.9892578125,54.463417053222656,2535.892578125
2020-12-29,675.9044799804688,227.37022399902344,511.44873046875,1100.6644287109375,674.5233764648438,7142.61328125,54.42467498779297,2536.844970703125
2020-12-30,678.41455078125,229.10736083984375,511.4004211425781,1097.58349609375,687.5454711914062,7296.490234375,55.13489532470703,2518.492919921875
2020-12-31,680.2141723632812,232.14730834960938,517.4937133789062,1105.5062255859375,687.4500122070312,7331.6650390625,55.41037368774414,2478.195556640625
2021-01-01,674.8863525390625,230.02418518066406,510.1914367675781,1109.5997314453125,698.7548828125,7371.6318359375,55.3630256652832,2534.89697265625
2021-01-04,670.600341796875,245.41700744628906,514.253662109375,1134.0726318359375,714.638916015625,7382.17431640625,59.658817291259766,2631.15869140625
2021-01-05,675.6676635742188,241.55673217773438,519.62158203125,1138.95849609375,706.052978515625,7337.2724609375,58.587013244628906,2677.516357421875
2021-01-06,672.7551879882812,250.00106811523438,528.7614135742188,1128.65869140625,702.2369995117188,7311.53759765625,58.866798400878906,2641.590576171875
2021-01-07,670.7186889648438,263.3672790527344,523.3451538085938,1111.0963134765625,710.1551513671875,7251.58740234375,62.22422409057617,2625.402587890625
2021-01-08,678.0120239257812,258.83148193359375,524.2640380859375,1155.0682373046875,735.0545043945312,7681.78173828125,61.39347839355469,2701.668701171875
2021-01-11,687.3890380859375,255.45372009277344,526.8270263671875,1211.49658203125,752.7987670898438,7890.578125,59.8869514465332,2749.75634765625
2021-01-12,701.3834838867188,255.115966796875,530.018798828125,1207.579345703125,743.9743041992188,7847.73583984375,59.82238006591797,2748.37158203125
2021-01-13,696.4819946289062,253.47532653808594,538.2398071289062,1221.136474609375,790.2431030273438,7801.5390625,61.04912567138672,2734.60693359375
2021-01-14,695.5820922851562,252.2689971923828,535.144775390625,1206.47900390625,791.7218627929688,7810.73974609375,60.808082580566406,2819.386962890625
2021-01-15,694.5875854492188,244.5001983642578,525.182861328125,1183.98681640625,781.9434204101562,7691.22265625,60.76933288574219,2804.339111328125
2021-01-18,702.3780517578125,234.65647888183594,515.6561279296875,1155.0242919921875,771.7833251953125,7505.1904296875,57.39470291137695,2794.278564453125
2021-01-19,712.205078125,242.76307678222656,528.5197143554688,1159.0738525390625,770.8770141601562,7593.31884765625,58.634361267089844,2828.060791015625
2021-01-20,706.5930786132812,243.29385375976562,532.9203491210938,1179.14501953125,786.5701904296875,7806.42724609375,59.41345977783203,2869.7783203125
2021-01-21,698.4473266601562,240.2056427001953,534.5646362304688,1179.364990234375,771.06787109375,7741.0625,57.39470291137695,2839.465576171875
2021-01-22,683.647705078125,230.84446716308594,516.2847290039062,1180.37744140625,761.6710205078125,7714.3212890625,55.69877243041992,2864.834716796875
2021-01-25,692.7879028320312,231.9060516357422,520.3953247070312,1166.512451171875,757.9981079101562,7649.7705078125,56.12490463256836,2854.60009765625
2021-01-27,667.5693359375,223.31692504882812,505.21038818359375,1145.2967529296875,734.5297241210938,7543.7666015625,53.890926361083984,2828.363525390625
2021-01-28,649.5020141601562,221.04904174804688,510.9168701171875,1123.46484375,729.8075561523438,7273.1044921875,53.692928314208984,2772.421875
2021-01-29,658.5238647460938,218.3950958251953,519.3797607421875,1090.760986328125,715.1159057617188,6907.12451171875,51.738731384277344,2698.527099609375
2021-02-01,699.370849609375,232.72633361816406,583.98779296875,1109.995849609375,758.5704956054688,7092.2470703125,54.76041793823242,2722.81201171875
2021-02-02,739.0576171875,246.43032836914062,597.0932006835938,1119.1070556640625,779.272216796875,7336.552734375,55.23820495605469,2778.406494140625
2021-02-03,745.8060913085938,248.26397705078125,601.92919921875,1130.903564453125,794.8701782226562,7273.77587890625,56.22821807861328,2775.45751953125
2021-02-04,747.8424682617188,252.70330810546875,607.6839599609375,1126.23779296875,826.6381225585938,7322.46337890625,56.469261169433594,2765.396484375
2021-02-05,756.6038208007812,252.896240234375,593.998291015625,1119.85546875,825.6841430664062,7182.67578125,58.97441101074219,2738.943359375
2021-02-08,760.2268676757812,269.2059631347656,608.9412231445312,1147.5416259765625,885.6905517578125,7259.78173828125,60.515380859375,2787.643798828125
2021-02-09,763.3525390625,268.3373718261719,612.5682373046875,1149.30224609375,853.8270874023438,7310.05224609375,60.19255065917969,2755.37890625
2021-02-10,749.0974731445312,269.6402282714844,611.4075317382812,1141.3353271484375,872.0960693359375,7304.9248046875,59.42207336425781,2786.94921875
2021-02-11,744.6458129882812,285.0813293457031,609.9568481445312,1137.946044921875,872.143798828125,7348.6767578125,59.80516052246094,2780.617919921875
2021-02-12,749.1921997070312,280.64202880859375,626.3506469726562,1153.043701171875,866.7537231445312,7253.935546875,58.58271789550781,2767.435302734375
2021-02-15,765.60205078125,281.2210388183594,651.8361206054688,1152.9114990234375,869.9017944335938,7280.91552734375,57.86387634277344,2723.24560546875
2021-02-16,770.3615112304688,292.1263122558594,636.7479248046875,1135.9654541015625,870.23583984375,7377.14306640625,60.19255065917969,2696.315185546875
2021-02-17,751.3471069335938,293.284423828125,635.7807006835938,1127.9544677734375,872.859375,7191.35009765625,59.98594665527344,2665.3515625
2021-02-18,736.0975952148438,299.0748291015625,623.4974975585938,1137.77001953125,853.3023681640625,7185.9345703125,60.067726135253906,2651.69140625
2021-02-19,728.8990478515625,297.2412109375,603.5733642578125,1136.7578125,838.8015747070312,7018.63916015625,57.73904800415039,2664.268310546875
2021-02-22,733.114013671875,305.05828857421875,589.8392944335938,1113.7811279296875,798.590576171875,6791.9208984375,58.93136978149414,2565.9140625
2021-02-23,724.1868896484375,321.4161682128906,596.0776977539062,1114.79345703125,802.2635498046875,6680.7900390625,62.7838020324707,2584.778076171875
2021-02-24,760.7951049804688,321.1749267578125,620.06396484375,1121.792236328125,810.515625,6663.9697265625,62.64604568481445,2556.9365234375
2021-02-25,760.7714233398438,338.4496765136719,607.393798828125,1122.01220703125,819.4832153320312,6642.30908203125,63.954586029052734,2597.874755859375
2021-02-26,726.6732177734375,328.36468505859375,578.1364135742188,1103.305419921875,769.302978515625,6580.7763671875,61.56565475463867,2510.275146484375
2021-03-01,738.2760620117188,332.0802307128906,588.3885498046875,1115.3660888671875,781.7526245117188,6723.4404296875,62.87849426269531,2536.20849609375
2021-03-02,742.680419921875,333.1899719238281,590.4679565429688,1148.3779296875,820.48486328125,6914.265625,63.317535400390625,2607.457763671875
2021-03-03,751.5128784179688,346.7975158691406,611.3592529296875,1182.75439453125,812.8528442382812,6828.58154296875,66.9030990600586,2653.209716796875
2021-03-04,735.031982421875,337.24334716796875,600.3816528320312,1171.1339111328125,806.36572265625,6835.1943359375,65.25020599365234,2645.056884765625
2021-03-05,724.58935546875,326.0484924316406,589.452392578125,1159.1175537109375,801.7389526367188,6947.71484375,63.128143310546875,2608.932861328125
2021-03-08,719.6166381835938,324.8421630859375,588.0984497070312,1175.8878173828125,811.8511962890625,6957.77880859375,63.46820068359375,2607.97802734375
2021-03-09,739.9810180664062,321.6091613769531,604.5889282226562,1184.5150146484375,812.80517578125,6998.08056640625,60.8425178527832,2646.140380859375
2021-03-10,736.7843017578125,328.4612121582031,605.072509765625,1204.41015625,824.0623779296875,6969.8544921875,62.370574951171875,2663.4873046875
2021-03-12,734.9845581054688,318.6657409667969,592.7409057617188,1210.308349609375,816.430419921875,6801.265625,61.9788818359375,2652.212158203125
2021-03-15,723.9500122070312,322.1399841308594,583.6976928710938,1209.2080078125,805.5548095703125,6794.65234375,63.39501190185547,2659.32373046875
2021-03-16,716.1358032226562,322.23651123046875,575.4282836914062,1218.3634033203125,804.0760498046875,6853.11669921875,62.33184051513672,2697.3994140625
2021-03-17,708.1795043945312,314.99847412109375,570.1571044921875,1221.0042724609375,798.447509765625,6771.02685546875,60.64021301269531,2699.91455078125
2021-03-18,706.1194458007812,320.2098693847656,559.6146850585938,1177.076171875,806.7473754882812,6818.08642578125,60.678951263427734,2633.60791015625
2021-03-19,709.1978149414062,323.3945617675781,567.4005126953125,1183.546630859375,811.183349609375,6817.89453125,63.102333068847656,2645.490234375
2021-03-22,695.7716064453125,327.8821716308594,554.6337280273438,1206.7430419921875,813.806884765625,6806.10546875,64.00624084472656,2714.398193359375
2021-03-23,710.4528198242188,320.1133728027344,567.1588134765625,1207.4034423828125,805.7933349609375,6887.57275390625,63.80393600463867,2725.63037109375
2021-03-24,700.3416748046875,306.650634765625,548.8789672851562,1191.7335205078125,774.0729370117188,6772.5126953125,60.502471923828125,2706.983154296875
2021-03-25,693.0247192382812,303.0316162109375,552.7960205078125,1174.1712646484375,755.2792358398438,6504.7734375,62.254364013671875,2658.196533203125
2021-03-26,706.261474609375,315.72222900390625,559.5663452148438,1176.2840576171875,762.5772705078125,6502.47265625,66.01639556884766,2659.88720703125
2021-03-30,735.8134155273438,314.9019775390625,572.0430297851562,1219.5076904296875,758.4273681640625,6567.02294921875,68.87020111083984,2739.46435546875
2021-03-31,707.3744506835938,315.4327392578125,562.9998779296875,1204.322265625,758.6658935546875,6574.1162109375,69.89033508300781,2756.203125
2021-04-01,704.1067504882812,338.0153503417969,574.896240234375,1219.419677734375,770.4476928710938,6636.126953125,74.29802703857422,2745.05859375
2021-04-05,686.5128784179688,338.4013671875,552.5057983398438,1241.1634521484375,738.8226928710938,6487.23388671875,74.70264434814453,2809.15283203125
2021-04-06,682.0848388671875,338.2084045410156,547.33154296875,1242.176025390625,745.1668090820312,6470.69970703125,74.28081512451172,2831.52978515625
2021-04-07,685.376220703125,339.89727783203125,558.6959228515625,1259.0341796875,759.6676025390625,6579.67431640625,75.31387329101562,2837.3408203125
2021-04-08,678.556640625,352.44317626953125,557.7770385742188,1267.529052734375,758.5704956054688,6543.1103515625,79.06298065185547,2877.19384765625
2021-04-09,673.323486328125,348.4381408691406,547.6216430664062,1268.5853271484375,754.7545166015625,6543.3505859375,77.4359359741211,2881.44384765625
2021-04-12,647.418212890625,324.4561462402344,520.8788452148438,1255.1168212890625,716.9285278320312,6249.5888671875,73.30802917480469,2815.787841796875
2021-04-13,663.1886596679688,336.51953125,542.205322265625,1229.9395751953125,773.929931640625,6532.51953125,75.67112731933594,2692.1953125
2021-04-15,677.2779541015625,341.2000732421875,556.3262939453125,1197.895751953125,768.062744140625,6368.10009765625,77.32402038574219,2791.849853515625
2021-04-16,676.5912475585938,357.0754699707031,548.3470458984375,1191.7335205078125,783.8513793945312,6371.78955078125,76.6396255493164,2771.2080078125
2021-04-19,668.8953857421875,348.77587890625,541.3831787109375,1199.4803466796875,758.3796997070312,6241.1064453125,76.45022583007812,2742.282958984375
2021-04-20,658.9500122070312,346.7975158691406,540.7545776367188,1189.6209716796875,773.8344116210938,6370.400390625,76.96244812011719,2727.32177734375
2021-04-22,673.6786499023438,343.4197692871094,560.195068359375,1189.400634765625,762.9112548828125,6373.70703125,79.32125091552734,2704.98779296875
2021-04-23,669.7241821289062,337.2915954589844,551.2485961914062,1174.1712646484375,742.114013671875,6398.62548828125,79.68280792236328,2696.92236328125
2021-04-26,665.2962036132812,336.1817321777344,571.7045288085938,1182.75439453125,744.5944213867188,6362.9716796875,80.98704528808594,2689.3759765625
2021-04-27,681.3507690429688,353.4564208984375,579.1035766601562,1187.1119384765625,742.5910034179688,6295.7373046875,84.17229461669922,2716.4365234375
2021-04-28,699.3945922851562,349.9339599609375,600.9619750976562,1193.71435546875,746.120849609375,6300.57763671875,83.62564086914062,2709.585205078125
2021-04-29,697.3579711914062,359.1503601074219,601.0587158203125,1194.0223388671875,738.9658203125,6292.76611328125,88.7865982055664,2701.908935546875
2021-04-30,668.8480224609375,351.6711120605469,580.796142578125,1192.2615966796875,717.9302978515625,6187.337890625,89.01473999023438,2632.87109375
2021-05-03,669.8663330078125,357.0272216796875,577.169189453125,1190.2373046875,718.3118286132812,6323.62841796875,91.66192626953125,2634.0419921875
2021-05-04,657.5055541992188,349.88568115234375,572.1397705078125,1170.2978515625,707.0546875,6237.751953125,91.5844497680664,2645.099609375
2021-05-05,664.2542724609375,354.2768249511719,583.0205688476562,1180.94970703125,713.1602783203125,6316.2001953125,92.12680053710938,2684.953125
2021-05-06,663.4491577148438,372.46832275390625,588.2434692382812,1198.64404296875,713.0171508789062,6389.568359375,94.77399444580078,2698.61328125
2021-05-07,670.00830078125,387.089111328125,587.1795654296875,1190.67724609375,732.0970458984375,6424.45556640625,101.78585052490234,2717.216796875
2021-05-10,672.4237060546875,410.8780517578125,593.1278076171875,1179.2330322265625,744.5467529296875,6482.87255859375,104.71282958984375,2728.1455078125
2021-05-11,664.7042236328125,398.38037109375,589.8392944335938,1171.3983154296875,740.3014526367188,6456.6591796875,106.22367095947266,2708.28369140625
2021-05-12,662.7861328125,384.86944580078125,575.2347412109375,1168.18505859375,724.7512817382812,6534.1962890625,101.51036071777344,2677.927734375
2021-05-14,656.7952270507812,369.4283752441406,577.7010498046875,1158.8536376953125,707.3885498046875,6456.41943359375,97.4599380493164,2646.617919921875
2021-05-17,682.0848388671875,379.2238464355469,603.1381225585938,1170.2978515625,718.8842163085938,6438.640625,99.07408142089844,2662.446044921875
2021-05-18,699.3471069335938,388.05419921875,612.4232177734375,1179.629150390625,761.0031127929688,6528.0146484375,101.58354187011719,2678.968505859375
2021-05-19,690.585693359375,389.2122802734375,604.9274291992188,1176.98828125,748.6966552734375,6494.27783203125,100.22765350341797,2673.07080078125
2021-05-20,678.556640625,371.7445373535156,598.3021850585938,1179.0130615234375,766.2978515625,6457.81005859375,95.13126373291016,2653.990234375
2021-05-21,709.1030883789062,376.1838073730469,621.3696899414062,1192.3939208984375,781.2755737304688,6531.4169921875,95.82427215576172,2671.769775390625
2021-05-24,715.0939331054688,375.7012634277344,626.10888671875,1186.7159423828125,772.7373046875,6586.00048828125,94.00782012939453,2672.63720703125
2021-05-25,700.41259765625,377.5349426269531,628.9620361328125,1198.64404296875,773.929931640625,6624.52978515625,95.14418029785156,2714.0361328125
2021-05-26,699.512939453125,367.69122314453125,631.0897827148438,1230.027587890625,783.422119140625,6741.9384765625,93.15985107421875,2752.820556640625
2021-05-27,702.1651000976562,372.371826171875,630.8480834960938,1234.4290771484375,790.4816284179688,6679.25634765625,94.40813446044922,2771.5595703125
2021-05-28,712.015625,374.2054138183594,621.9500122070312,1236.8941650390625,806.9381103515625,6680.31005859375,94.9978256225586,2739.83447265625
2021-05-31,717.8880615234375,380.4783935546875,641.0036010742188,1240.1864013671875,770.7816162109375,6791.77685546875,96.9046859741211,2753.38720703125
2021-06-01,715.9227294921875,380.9126892089844,628.7686157226562,1234.35791015625,769.2074584960938,6796.42578125,94.77399444580078,2748.027099609375
2021-06-02,712.2760620117188,384.86944580078125,627.0759887695312,1226.75,769.1121215820312,6886.087890625,96.76693725585938,2727.501708984375
2021-06-03,720.1139526367188,385.2554931640625,628.913818359375,1236.5379638671875,765.1530151367188,6909.8564453125,96.5904541015625,2737.78564453125
2021-06-04,710.8316650390625,381.25042724609375,621.6114501953125,1232.9788818359375,767.585693359375,6914.84033203125,96.4785385131836,2739.965087890625
2021-06-07,710.3106689453125,381.20220947265625,626.9310302734375,1236.5379638671875,766.8702392578125,6973.2568359375,97.167236328125,2774.347900390625
2021-06-08,702.3544921875,374.2054138183594,621.3213500976562,1257.27099609375,770.686279296875,7031.8173828125,95.652099609375,2789.120849609375
2021-06-09,701.0520629882812,369.7661437988281,615.2279663085938,1259.362060546875,767.4426879882812,6938.13037109375,94.7826156616211,2789.208251953125
2021-06-10,701.4072265625,371.9375305175781,619.3869018554688,1267.3702392578125,769.8276977539062,6900.65576171875,95.94049072265625,2803.6328125
2021-06-11,703.917236328125,379.41680908203125,614.8411254882812,1287.480224609375,771.7833251953125,6923.5625,99.71974182128906,2853.311767578125
2021-06-14,700.6495361328125,381.0091552734375,614.3092041015625,1300.738525390625,770.3046264648438,6879.52197265625,100.27500915527344,2855.533447265625
2021-06-15,705.7642211914062,377.1971740722656,624.1260986328125,1311.5054931640625,771.4017333984375,6868.40380859375,101.09284973144531,2843.68017578125
2021-06-16,703.0885009765625,366.9674072265625,619.0968017578125,1317.467041015625,769.064453125,6818.56591796875,98.32511901855469,2853.791259765625
2021-06-17,694.3270874023438,356.3516540527344,612.229736328125,1330.54736328125,768.6351928710938,6679.6875,97.1457290649414,2891.616455078125
2021-06-18,700.8153076171875,358.3782958984375,609.7150268554688,1337.666259765625,745.59619140625,6670.10302734375,96.13796997070312,2873.79296875
2021-06-21,705.0302124023438,354.7593078613281,610.5371704101562,1334.9967041015625,741.1123657226562,6613.1240234375,97.35696411132812,2852.701416015625
2021-06-22,702.7096557617188,354.7110290527344,610.1502685546875,1345.274169921875,739.5382690429688,6963.43359375,97.89825439453125,2877.191650390625
2021-06-23,703.5147705078125,355.24188232421875,604.2020874023438,1337.5325927734375,745.977783203125,7123.7802734375,96.8244857788086,2842.50390625
2021-06-24,713.3416748046875,356.1586608886719,613.2453002929688,1387.4071044921875,755.3745727539062,7214.59130859375,97.97306823730469,2940.29248046875
2021-06-25,717.5328979492188,362.7693786621094,627.7047729492188,1400.754150390625,757.7119140625,7331.09033203125,102.5586166381836,2946.568603515625
2021-06-28,714.336181640625,368.9458312988281,628.9620361328125,1398.6187744140625,756.996337890625,7280.53271484375,104.2088851928711,2908.17626953125
2021-06-29,714.4312744140625,361.1770324707031,619.0968017578125,1390.8328857421875,745.6438598632812,7176.3017578125,103.20110321044922,2911.74951171875
2021-06-30,712.4574584960938,359.0538635253906,610.1986694335938,1406.6270751953125,741.9232788085938,7203.521484375,102.67742919921875,2916.02001953125
2021-07-01,707.1539916992188,366.1471252441406,610.1502685546875,1388.474853515625,743.5927734375,7269.173828125,102.40898895263672,2912.316162109375
2021-07-02,704.1337890625,362.9140930175781,619.2418212890625,1395.0594482421875,746.5978393554688,7259.06298828125,99.98418426513672,2898.326416015625
2021-07-05,711.2920532226562,375.94256591796875,626.592529296875,1404.98095703125,755.3268432617188,7283.59912109375,101.81928253173828,2894.448974609375
2021-07-06,729.9608154296875,371.8892517089844,628.9620361328125,1390.0765380859375,745.9300537109375,7202.61083984375,102.7346420288086,2843.28857421875
2021-07-07,732.2439575195312,379.89935302734375,632.5405883789062,1392.212158203125,743.068115234375,7139.7861328125,107.2585678100586,2854.31298828125
2021-07-08,723.1829833984375,369.7179260253906,620.8377075195312,1388.786376953125,740.5398559570312,7093.5888671875,104.71495819091797,2839.9765625
2021-07-09,714.4075317382812,376.4250793457031,617.59765625,1390.699462890625,736.05615234375,7117.0712890625,109.0804672241211,2796.09326171875
2021-07-12,707.2730102539062,374.78448486328125,625.0449829101562,1377.3076171875,737.2963256835938,7159.62548828125,107.98908996582031,2782.976318359375
2021-07-13,714.336181640625,378.54827880859375,643.1314086914062,1374.7269287109375,745.2145385742188,7121.52783203125,108.14751434326172,2778.139404296875
2021-07-14,713.0519409179688,377.96917724609375,642.551025390625,1403.1568603515625,749.9845581054688,7022.2333984375,109.55133819580078,2801.671875
2021-07-15,723.3019409179688,387.4268798828125,645.5493774414062,1406.6270751953125,752.3963623046875,7003.3037109375,110.54151153564453,2797.653076171875
2021-07-16,724.0867309570312,391.33544921875,638.6339721679688,1384.0701904296875,752.2999267578125,6999.9970703125,112.5218276977539,2790.53466796875
2021-07-19,699.6627807617188,383.0841064453125,634.3782958984375,1371.8350830078125,748.44091796875,6867.732421875,111.46125030517578,2781.62548828125
2021-07-20,686.4163208007812,369.6213684082031,620.8377075195312,1379.26513671875,733.3911743164062,6932.09228515625,108.55237579345703,2800.14208984375
2021-07-22,689.0560302734375,379.7546081542969,634.4267578125,1414.991455078125,731.7028198242188,6996.1630859375,112.04215240478516,2809.358642578125
2021-07-23,686.2260131835938,378.0657043457031,654.447509765625,1415.2138671875,737.2500610351562,6990.70068359375,112.78146362304688,2806.30126953125
2021-07-26,682.3258056640625,386.07574462890625,654.544189453125,1427.1820068359375,727.6991577148438,6935.0634765625,114.23810577392578,2792.937255859375
2021-07-27,684.7991333007812,402.771484375,655.22119140625,1425.9808349609375,719.2576904296875,6939.328125,117.11616516113281,2780.184814453125
2021-07-28,674.12109375,401.7581481933594,662.57177734375,1428.6947021484375,703.0020141601562,6867.25439453125,120.13945770263672,2793.1552734375
2021-07-29,674.5728759765625,442.09808349609375,666.888427734375,1438.8387451171875,705.6549682617188,6702.833984375,128.37759399414062,2791.408203125
2021-07-30,678.4730834960938,429.2626037597656,662.038330078125,1433.054931640625,716.8941650390625,6687.69091796875,126.23883056640625,2766.6455078125
2021-08-02,676.665771484375,430.2276611328125,660.9713134765625,1451.78564453125,730.979248046875,6782.81591796875,124.1044921875,2812.022216796875
2021-08-03,682.3970947265625,433.1228942871094,669.7015380859375,1472.829833984375,743.66552734375,6900.17626953125,123.8536605834961,2869.2333984375
2021-08-04,696.9515991210938,427.2359924316406,693.2245483398438,1467.5355224609375,739.227783203125,6807.6875,124.6457748413086,2859.669189453125
2021-08-05,706.2503662109375,427.62200927734375,681.3902587890625,1471.361572265625,732.571044921875,6778.41259765625,127.32141876220703,2868.403564453125
2021-08-06,709.9603271484375,426.7051696777344,676.734130859375,1468.380615234375,731.5098876953125,6849.06591796875,125.75916290283203,2890.98291015625
2021-08-09,715.311279296875,419.51544189453125,681.7781982421875,1480.037353515625,747.6209716796875,6830.69189453125,124.29373931884766,2902.250732421875
2021-08-10,717.0948486328125,412.0361633300781,679.88671875,1492.450439453125,758.5706787109375,6753.720703125,120.89636993408203,2912.032958984375
2021-08-11,711.0543212890625,421.3973083496094,672.757080078125,1492.71728515625,751.2387084960938,6772.57763671875,125.52593231201172,2921.0302734375
2021-08-12,714.1221313476562,424.8956298828125,680.3231201171875,1503.439453125,748.8268432617188,6763.4140625,126.33126831054688,2927.625244140625
2021-08-13,725.9179077148438,429.5599670410156,683.669677734375,1523.54931640625,751.1905517578125,6753.9619140625,128.64602661132812,3025.146484375
2021-08-16,728.0108032226562,429.2684631347656,681.584228515625,1516.60888671875,771.1122436523438,6584.828125,133.72885131835938,3033.48828125
2021-08-17,720.4243774414062,424.2640075683594,680.177734375,1549.7547607421875,762.767333984375,6641.3017578125,132.34703063964844,3103.453125
2021-08-18,719.6395263671875,414.8866271972656,667.6644287109375,1542.4581298828125,763.4425659179688,6597.6083984375,132.0609893798828,3110.003662109375
2021-08-20,720.471923828125,392.24493408203125,660.2923583984375,1542.01318359375,757.9435424804688,6608.02587890625,121.07240295410156,3109.08642578125
2021-08-23,725.156982421875,395.3545837402344,662.2322998046875,1547.17431640625,738.8900756835938,6583.91162109375,119.58056640625,3177.129150390625
2021-08-24,741.447509765625,408.9590148925781,673.630126953125,1531.2464599609375,750.7080688476562,6562.0166015625,123.62921142578125,3155.9912109375
2021-08-25,740.7579345703125,418.5306701660156,670.33203125,1544.326904296875,744.8231201171875,6473.51953125,122.35742950439453,3195.99560546875
2021-08-26,739.5211791992188,412.1171569824219,677.849609375,1537.341796875,753.8434448242188,6374.3154296875,121.02400970458984,3207.219970703125
2021-08-27,736.5009155273438,425.5272521972656,678.7711791992188,1520.524169921875,747.8139038085938,6389.9892578125,121.8249282836914,3249.40771484375
2021-08-30,745.9185791015625,435.39044189453125,692.25439453125,1510.9586181640625,763.6355590820312,6555.939453125,126.7933349609375,3232.942626953125
2021-08-31,752.1732177734375,455.0682678222656,697.4925537109375,1518.4332275390625,765.32373046875,6603.39599609375,127.6426773071289,3307.318359375
2021-09-01,751.0791625976562,445.156494140625,698.3170776367188,1492.895263671875,742.7489624023438,6544.36474609375,124.2057113647461,3244.865966796875
2021-09-02,755.7880249023438,444.03900146484375,703.40966796875,1502.99462890625,725.9143676757812,6552.08203125,125.4291000366211,3351.253662109375
2021-09-03,749.6284790039062,448.2660827636719,702.5850830078125,1513.272216796875,723.4544067382812,6619.79345703125,127.0617904663086,3355.883056640625
2021-09-06,744.7056274414062,455.9914245605469,699.5296020507812,1539.7442626953125,728.1333618164062,6604.16748046875,126.47648620605469,3364.573974609375
2021-09-07,746.3941650390625,449.2378234863281,695.406982421875,1518.61083984375,726.5414428710938,6633.34521484375,125.7459716796875,3333.041748046875
2021-09-08,749.794921875,443.4073486328125,699.3355102539062,1506.6875,728.1333618164062,6540.8447265625,125.84718322753906,3296.5751953125
2021-09-09,746.0850219726562,450.4524841308594,698.6565551757812,1505.2191162109375,724.2743530273438,6561.1005859375,127.35661315917969,3311.6416015625
2021-09-13,739.8779296875,464.8343505859375,686.1918334960938,1505.486083984375,719.2576904296875,6630.017578125,128.804443359375,3358.76513671875
2021-09-14,736.5485229492188,464.44561767578125,686.2403564453125,1500.3697509765625,723.7437744140625,6650.03173828125,127.82308959960938,3394.18359375
2021-09-15,735.716064453125,473.0455627441406,692.9334106445312,1522.8819580078125,728.470947265625,6664.06591796875,128.0695343017578,3454.1474609375
2021-09-16,741.970703125,469.64447021484375,705.398193359375,1514.696044921875,730.2557373046875,6685.23779296875,126.4544906616211,3409.3828125
2021-09-17,752.5298461914062,459.68408203125,698.5595703125,1504.952392578125,727.5545043945312,6765.77734375,121.97895050048828,3343.47998046875
2021-09-20,741.9232177734375,431.8435974121094,688.7138671875,1501.8824462890625,712.0221557617188,6703.998046875,110.29065704345703,3339.68017578125
2021-09-21,738.16552734375,438.2571105957031,690.5083618164062,1529.11083984375,712.4080810546875,6536.7451171875,113.73201751708984,3374.138427734375
2021-09-22,729.4852294921875,449.91802978515625,682.2632446289062,1527.731689453125,725.962646484375,6588.83056640625,114.92901611328125,3373.439453125
2021-09-23,746.7507934570312,469.5958557128906,695.5039672851562,1550.555419921875,731.7028198242188,6603.974609375,116.06439208984375,3379.64111328125
2021-09-24,761.7572631835938,465.2230224609375,701.275634765625,1569.508544921875,751.9622802734375,6705.78271484375,111.96293640136719,3381.431884765625
2021-09-27,772.9585571289062,467.79815673828125,708.1141967773438,1531.513427734375,782.7372436523438,7140.98681640625,111.8221206665039,3351.42822265625
2021-09-28,768.1784057617188,464.6400146484375,695.6495361328125,1501.215087890625,777.6241455078125,7160.66357421875,112.74185943603516,3300.942138671875
2021-09-29,758.0948486328125,480.1878967285156,688.2288208007812,1505.7974853515625,783.4607543945312,7122.27490234375,114.02685546875,3312.07861328125
2021-09-30,758.6179809570312,474.1630554199219,679.8381958007812,1490.6263427734375,774.72998046875,7077.9052734375,113.44157409667969,3297.79736328125
2021-10-01,752.7914428710938,470.6648254394531,671.593017578125,1481.683349609375,798.6553344726562,6908.3857421875,114.22930145263672,3258.18603515625
2021-10-04,754.2421875,491.41156005859375,679.2077026367188,1493.7850341796875,811.4863891601562,6916.10205078125,116.5440673828125,3295.83251953125
2021-10-05,758.8558349609375,481.3053894042969,676.2005615234375,1506.287109375,813.3192749023438,7000.93408203125,115.90157318115234,3348.240234375
2021-10-06,768.1070556640625,462.45355224609375,668.8285522460938,1489.157958984375,804.6849365234375,6944.02587890625,112.64944458007812,3328.674072265625
2021-10-07,766.0142211914062,464.0083312988281,681.1476440429688,1504.6854248046875,847.2779541015625,7226.88037109375,113.46796417236328,3400.298095703125
2021-10-08,762.2803955078125,460.26715087890625,682.311767578125,1533.915771484375,846.8439331054688,7166.59521484375,114.5197525024414,3437.638671875
2021-10-11,777.0965576171875,473.7257995605469,691.9149169921875,1504.640869140625,864.01611328125,7427.794921875,115.58032989501953,3219.22998046875
2021-10-12,775.098876953125,484.56072998046875,687.3558349609375,1499.4798583984375,858.7100830078125,7421.04345703125,116.97974395751953,3190.62451171875
2021-10-13,779.7600708007812,493.6951904296875,688.6653442382812,1520.8800048828125,902.3643188476562,7216.89697265625,119.19770050048828,3192.6767578125
2021-10-14,802.5907592773438,501.5177307128906,705.4952392578125,1526.70849609375,898.5536499023438,7231.12353515625,121.02400970458984,3160.514892578125
2021-10-18,794.4573974609375,527.4632568359375,723.10107421875,1594.6905517578125,878.8248291015625,7385.5478515625,124.19251251220703,3191.757568359375
2021-10-19,803.2091064453125,518.6690673828125,725.0411376953125,1621.38525390625,885.143798828125,7384.24560546875,120.30668640136719,3180.380859375
2021-10-20,796.1458740234375,498.45672607421875,723.4890747070312,1603.7666015625,867.6338500976562,7321.646484375,118.22954559326172,3158.240234375
2021-10-21,797.3112182617188,479.7991943359375,732.8497924804688,1560.4324951171875,865.3667602539062,7306.6962890625,115.71234130859375,3091.423828125
2021-10-22,799.427734375,457.15753173828125,736.5357666015625,1530.3123779296875,856.5394287109375,7146.244140625,114.0884780883789,3061.974853515625
2021-10-25,788.13134765625,459.87841796875,816.4654541015625,1519.4117431640625,859.2890014648438,7003.20068359375,113.8288345336914,3056.8115234375
2021-10-26,786.10986328125,472.3167419433594,804.5342407226562,1529.421142578125,863.003173828125,7038.64794921875,118.26036071777344,3047.75390625
2021-10-27,781.3773193359375,466.29193115234375,809.96630859375,1552.0882568359375,855.5264892578125,7095.46044921875,116.72010040283203,3054.010986328125
2021-10-28,757.9759521484375,455.55413818359375,774.7545776367188,1529.600830078125,852.6804809570312,7108.43310546875,114.3833236694336,2994.413818359375
2021-10-29,752.8628540039062,446.8084411621094,778.004150390625,1497.1488037109375,853.06640625,7217.1376953125,115.8223648071289,2973.498779296875
2021-11-01,763.5409545898438,464.6400146484375,779.7987060546875,1526.1448974609375,839.6565551757812,7345.56787109375,120.13065338134766,3042.328369140625
2021-11-02,764.2305908203125,455.16546630859375,776.9371948242188,1524.2144775390625,831.11865234375,7515.52099609375,115.61992645263672,3049.154296875
2021-11-03,752.1969604492188,464.7857360839844,762.3868408203125,1528.34423828125,819.0595092773438,7460.0595703125,116.71129608154297,3056.19921875
2021-11-04,758.1423950195312,459.2467956542969,758.6522216796875,1533.90966796875,842.068359375,7472.7431640625,116.6980972290039,3070.551025390625
2021-11-08,761.138916015625,456.5259094238281,756.7608032226562,1559.763671875,829.189208984375,7412.169921875,118.22514343261719,3065.387939453125
2021-11-09,747.821044921875,451.47283935546875,762.9689331054688,1564.252197265625,860.6878051757812,7308.9150390625,117.5826416015625,3067.968994140625
2021-11-10,739.7352294921875,437.04241943359375,757.48828125,1562.142822265625,887.2180786132812,7245.3515625,114.29090118408203,3049.241455078125
2021-11-11,736.4295654296875,441.123779296875,748.321533203125,1555.9932861328125,892.1381225585938,7189.21435546875,114.3833236694336,3052.65478515625
2021-11-12,738.6649780273438,455.3111877441406,753.317138671875,1598.095703125,904.7279663085938,7214.67822265625,113.2963638305664,3085.778076171875
2021-11-15,740.6865234375,443.01861572265625,750.1161499023438,1604.3349609375,895.659423828125,7237.10400390625,109.61735534667969,3109.626220703125
2021-11-16,736.2869262695312,433.00970458984375,741.1433715820312,1608.9581298828125,926.4343872070312,7764.95263671875,108.15190887451172,3112.3388671875
2021-11-17,728.1058959960938,432.8153076171875,738.475830078125,1604.60400390625,920.790771484375,7981.3974609375,107.38179779052734,3082.146484375
2021-11-18,732.1964111328125,427.8594055175781,740.0280151367188,1597.3778076171875,891.1251220703125,7829.384765625,104.43771362304688,3041.715576171875
2021-11-22,720.75732421875,429.6571350097656,729.4546508789062,1579.423583984375,869.0809936523438,7585.595703125,102.54100036621094,3026.575439453125
2021-11-23,720.8524780273438,437.4797058105469,729.3091430664062,1559.22509765625,869.5632934570312,7575.56396484375,104.91738891601562,3031.6953125
2021-11-24,722.0415649414062,439.3260192871094,737.4088745117188,1522.5089111328125,861.7008056640625,7397.55712890625,103.72480010986328,3013.361572265625
2021-11-25,725.7989501953125,434.4187316894531,728.5331420898438,1546.20849609375,859.7713623046875,7304.0439453125,103.29792022705078,3015.63623046875
2021-11-26,708.65234375,405.2177429199219,700.548095703125,1518.60400390625,823.6420288085938,6916.294921875,97.89825439453125,3016.4677734375
2021-11-29,714.05078125,408.27874755859375,696.862060546875,1522.8231201171875,820.7960205078125,6896.0400390625,98.11387634277344,3064.7314453125
2021-11-30,710.3883666992188,401.08782958984375,692.9334106445312,1537.4556884765625,806.0355834960938,6817.236328125,94.28086853027344,3088.491455078125
2021-12-01,715.6679077148438,412.8945617675781,705.8831787109375,1539.4755859375,805.2637939453125,7015.40234375,95.27983093261719,3131.067138671875
2021-12-02,725.7039184570312,419.89111328125,700.7421264648438,1569.4140625,819.590087890625,7065.26953125,97.90705108642578,3188.038330078125
2021-12-03,719.9011840820312,412.651611328125,694.8250732421875,1558.013427734375,807.4345092773438,6953.14111328125,98.39993286132812,3185.894775390625
2021-12-06,715.2637329101562,409.44488525390625,688.27734375,1521.880615234375,793.1563720703125,6793.17041015625,97.59019470214844,3094.836181640625
2021-12-07,725.6801147460938,429.9972839355469,712.6248779296875,1536.5579833984375,796.8223876953125,6931.82470703125,101.11077117919922,3136.9306640625
2021-12-08,739.0455932617188,444.5248718261719,730.8126831054688,1573.9925537109375,811.1005249023438,7171.3212890625,103.24072265625,3174.0361328125
2021-12-09,726.2271118164062,442.77569580078125,732.36474609375,1583.05908203125,821.08544921875,7158.63818359375,103.57957458496094,3152.026123046875
2021-12-10,724.181884765625,442.24127197265625,735.2748413085938,1579.2889404296875,829.3822021484375,7162.39990234375,103.85681915283203,3182.7001953125
2021-12-13,718.7595825195312,445.30224609375,731.3947143554688,1566.1824951171875,813.3676147460938,7249.93212890625,102.5630111694336,3158.93994140625
2021-12-14,714.62158203125,448.65478515625,735.9053955078125,1572.9150390625,807.3380126953125,7227.5068359375,102.73023986816406,3171.323486328125
2021-12-15,713.456298828125,445.3994445800781,729.697265625,1556.80126953125,816.3582763671875,7299.65576171875,101.57284545898438,3124.546875
2021-12-16,713.5038452148438,437.7712097167969,718.9299926757812,1590.3756103515625,823.2078247070312,7186.65869140625,101.49803924560547,3134.392578125
2021-12-17,700.6378784179688,437.43109130859375,706.4652099609375,1634.5875244140625,805.1672973632812,7037.9248046875,99.64093780517578,3136.79931640625
2021-12-20,678.0926513671875,420.86285400390625,688.6653442382812,1614.8828125,785.583251953125,7028.279296875,94.43489074707031,3112.7763671875
2021-12-21,685.774169921875,432.8639221191406,698.7536010742188,1626.28369140625,783.5573120117188,7055.81640625,97.26455688476562,3157.75830078125
2021-12-22,687.3912353515625,450.2581787109375,710.830322265625,1638.0435791015625,789.8280639648438,7160.5673828125,99.35488891601562,3177.405517578125
2021-12-23,686.8681640625,448.2660827636719,709.375244140625,1667.578125,797.6906127929688,7125.26416015625,99.24927520751953,3205.3662109375
2021-12-24,684.3948364257812,445.93389892578125,705.3012084960938,1672.8746337890625,783.9915161132812,7057.6982421875,98.17549133300781,3212.54248046875
2021-12-27,690.054931640625,440.0061950683594,713.9343872070312,1675.253662109375,789.683349609375,7031.07666015625,98.73439025878906,3234.595458984375
2021-12-28,694.811279296875,445.205078125,713.7403564453125,1694.8685302734375,809.1227416992188,7038.74462890625,99.23167419433594,3243.740478515625
2021-12-29,691.5054931640625,441.415283203125,713.6433715820312,1692.669189453125,803.3343505859375,7089.4794921875,98.24591827392578,3233.370361328125
2021-12-30,695.1442260742188,436.94525146484375,713.6433715820312,1699.2222900390625,800.05419921875,7024.08349609375,96.9036865234375,3267.544677734375
2021-12-31,703.6581420898438,462.1134338378906,717.9600219726562,1694.64404296875,807.62744140625,7163.17138671875,97.82344055175781,3271.570556640625
2022-01-03,722.8025512695312,464.5428161621094,741.7739868164062,1704.24951171875,800.5366821289062,7257.1669921875,100.55188751220703,3341.056640625
2022-01-04,727.0357055664062,462.64788818359375,749.6795654296875,1704.8779296875,802.5143432617188,7359.60205078125,101.11077117919922,3399.690673828125
2022-01-05,744.3013305664062,461.9190979003906,764.423828125,1655.952880859375,809.8944702148438,7499.70263671875,103.64558410644531,3378.862060546875
2022-01-06,732.3628540039062,465.56317138671875,761.5138549804688,1631.849609375,810.232177734375,7602.66796875,102.38258361816406,3332.042724609375
2022-01-07,737.499755859375,479.5562744140625,769.4679565429688,1628.70751953125,799.7647705078125,7625.72119140625,102.1273422241211,3372.342041015625
2022-01-10,741.5902099609375,478.97320556640625,786.4434204101562,1661.428955078125,812.2581176757812,7837.53564453125,102.89306640625,3395.40234375
2022-01-11,744.8008422851562,472.6083068847656,786.3463134765625,1665.7828369140625,811.7275390625,7855.138671875,99.47811126708984,3426.950439453125
2022-01-12,740.401123046875,483.88055419921875,799.0535888671875,1685.397705078125,849.496826171875,7881.0849609375,100.9699478149414,3377.94287109375
2022-01-13,726.7741088867188,493.1607360839844,799.9751586914062,1702.7684326171875,864.4020385742188,7790.70654296875,107.47859954833984,3411.198486328125
2022-01-14,734.9313354492188,492.0431823730469,795.416015625,1731.988525390625,850.1239624023438,7797.603515625,106.81410217285156,3472.67724609375
2022-01-17,723.6824951171875,491.65447998046875,794.7369384765625,1741.100341796875,869.0327758789062,7972.47607421875,108.23552703857422,3517.308349609375
2022-01-18,727.36865234375,481.985595703125,798.4230346679688,1724.2684326171875,860.6878051757812,7634.5458984375,105.16383361816406,3492.323486328125
2022-01-19,722.2317504882812,490.5369873046875,784.3577270507812,1676.0616455078125,862.8584594726562,7731.53173828125,106.46204376220703,3431.876708984375
2022-01-20,717.7369384765625,489.1765441894531,785.9583129882812,1637.1458740234375,849.4486694335938,7751.44970703125,106.20680236816406,3354.6416015625
2022-01-21,723.7301025390625,492.38330078125,780.3806762695312,1603.033203125,844.3355102539062,7899.2666015625,102.95027160644531,3360.73486328125
2022-01-24,707.1065063476562,464.8829345703125,774.5120849609375,1559.135498046875,824.5585327148438,7766.833984375,96.74526977539062,3306.24951171875
2022-01-25,707.7723388671875,472.0252685546875,777.6161499023438,1545.9840087890625,824.3656005859375,8297.625,97.61661529541016,3304.978515625
2022-01-27,701.54150390625,475.32916259765625,770.8260498046875,1506.888671875,827.790283203125,8507.51171875,95.79031372070312,3199.207275390625
2022-01-28,695.9765625,476.4952697753906,757.7307739257812,1513.7113037109375,838.9813232421875,8247.806640625,95.46466064453125,3234.975341796875
2022-01-31,706.6546020507812,475.2320251464844,765.1513671875,1558.5965576171875,854.5617065429688,8292.5126953125,95.54386901855469,3275.47900390625
2022-02-01,712.029296875,496.5617980957031,786.0068359375,1590.779541015625,839.0294799804688,8255.9580078125,102.74343872070312,3331.935546875
2022-02-02,728.2960815429688,499.428466796875,789.3533325195312,1604.2900390625,838.6918334960938,8213.3720703125,102.75663757324219,3380.634765625
2022-02-03,720.75732421875,498.1651916503906,784.697265625,1560.7064208984375,826.005615234375,8288.9931640625,102.67742919921875,3352.93212890625
2022-02-04,724.87158203125,510.31207275390625,780.914306640625,1562.995361328125,812.0170288085938,8247.4208984375,103.53116607666016,3344.428955078125
2022-02-07,698.3073120117188,507.83404541015625,762.8233642578125,1539.5653076171875,800.2471923828125,8209.8994140625,104.12086486816406,3312.9560546875
2022-02-08,695.3106689453125,511.91534423828125,768.7404174804688,1541.6302490234375,802.7072143554688,8294.5869140625,107.34217834472656,3281.7900390625
2022-02-09,712.314697265625,526.9774169921875,778.731689453125,1559.5843505859375,810.56982421875,8632.177734375,107.58422088623047,3296.78125
2022-02-10,725.3947143554688,531.78759765625,781.3507080078125,1588.5802001953125,822.9666748046875,8493.2841796875,109.87259674072266,3305.372802734375
2022-02-11,722.422119140625,527.3661499023438,767.0914306640625,1545.265869140625,823.5455932617188,8427.40625,110.40947723388672,3239.271484375
2022-02-14,700.9469604492188,506.5221862792969,731.103759765625,1510.1204833984375,795.9541625976562,8069.798828125,104.45970916748047,3273.286376953125
2022-02-15,721.9226684570312,518.7661743164062,752.7836303710938,1560.4371337890625,824.4620361328125,8317.01171875,106.29920959472656,3346.970947265625
2022-02-16,720.9475708007812,514.3447875976562,741.1433715820312,1555.9932861328125,833.771728515625,8278.671875,104.89539337158203,3342.85107421875
2022-02-17,716.5479736328125,517.5028686523438,727.8540649414062,1548.3629150390625,831.8422241210938,8249.251953125,104.82057189941406,3317.514892578125
2022-02-18,719.3303833007812,514.6362915039062,726.4476928710938,1532.3387451171875,821.9537353515625,8265.3125,104.807373046875,3326.0185546875
2022-02-21,723.9678344726562,497.5335388183594,731.8312377929688,1553.6593017578125,811.4380493164062,8307.3671875,104.0196533203125,3260.706298828125
2022-02-22,718.5455322265625,501.6148986816406,728.7756958007812,1556.9359130859375,823.1596069335938,8317.1083984375,100.22183227539062,3144.108154296875
2022-02-23,713.8843994140625,504.04425048828125,722.2764892578125,1564.5665283203125,820.3135986328125,8390.462890625,100.24823760986328,3124.2958984375
2022-02-24,675.1199951171875,503.02392578125,686.1918334960938,1506.48486328125,767.7356567382812,7919.0888671875,94.52730560302734,2982.142822265625
2022-02-25,692.5757446289062,518.8148193359375,708.1627807617188,1521.2520751953125,779.1194458007812,8059.86376953125,100.80712890625,3086.55419921875
2022-02-28,678.3779907226562,557.538818359375,720.4335327148438,1540.10400390625,762.960205078125,8019.40185546875,107.44340515136719,3115.879150390625
2022-03-02,653.6448364257812,583.1443481445312,693.41845703125,1528.6134033203125,750.9010009765625,7537.17529296875,113.48117065429688,3108.82177734375
2022-03-03,652.0989990234375,589.1690673828125,677.3646240234375,1544.81689453125,735.1758422851562,7326.2763671875,114.708984375,3107.288330078125
2022-03-04,649.9586181640625,567.3048706054688,667.4219360351562,1547.016357421875,706.4749755859375,6990.3720703125,112.40299987792969,3089.71044921875
2022-03-07,630.1246337890625,602.2390747070312,634.1502685546875,1561.873291015625,666.1973266601562,6529.0771484375,113.70561218261719,3055.125244140625
2022-03-08,631.5515747070312,573.2810668945312,645.06298828125,1596.30029296875,675.941162109375,6565.0068359375,111.73409271240234,3155.98681640625
2022-03-09,652.1703491210938,571.4347534179688,647.4395751953125,1627.8546142578125,708.9351196289062,6777.73779296875,110.48869323730469,3184.611083984375
2022-03-10,662.4203491210938,577.0223388671875,656.315185546875,1639.1212158203125,712.7940063476562,6956.13134765625,115.18424987792969,3174.39697265625
2022-03-11,664.3704833984375,572.4551391601562,657.5762329101562,1635.619873046875,708.8868408203125,6850.75390625,114.56815338134766,3155.285888671875
2022-03-14,686.1309204101562,574.1070556640625,675.2791137695312,1697.2921142578125,716.9906005859375,7057.3603515625,114.15447998046875,3193.7275390625
2022-03-15,677.3078002929688,543.9343872070312,676.443115234375,1651.150390625,734.3558959960938,7157.04638671875,108.58758544921875,3150.683349609375
2022-03-16,688.7944946289062,556.5184936523438,686.7738037109375,1696.1251220703125,746.3667602539062,7220.4169921875,111.36003875732422,3205.037109375
2022-03-17,703.9673461914062,560.5026245117188,698.5110473632812,1664.8848876953125,766.385009765625,7420.271484375,114.72217559814453,3219.808837890625
2022-03-21,707.0350952148438,573.2810668945312,689.44140625,1663.4937744140625,755.8694458007812,7432.37646484375,114.67816925048828,3179.438232421875
2022-03-22,710.673828125,576.6821899414062,696.6680297851562,1694.3299560546875,757.8953247070312,7491.310546875,114.59455108642578,3244.53076171875
2022-03-23,703.5868530273438,591.2583618164062,696.7650146484375,1680.8642578125,746.8009033203125,7373.82861328125,117.14697265625,3254.569091796875
2022-03-24,686.178466796875,604.376953125,683.0878295898438,1693.7015380859375,738.64892578125,7289.04541015625,118.86764526367188,3287.400390625
2022-03-25,680.5897827148438,605.1058349609375,678.2861938476562,1684.58984375,737.7805786132812,7152.5615234375,117.84668731689453,3250.2294921875
2022-03-28,681.493408203125,612.393798828125,689.0533447265625,1682.2108154296875,742.1219482421875,7212.26708984375,117.84668731689453,3250.449462890625
2022-03-29,690.5305786132812,613.4628295898438,693.8549194335938,1693.0731201171875,746.0772705078125,7175.4208984375,117.46821594238281,3248.388671875
2022-03-30,702.4927978515625,582.8528442382812,708.9873657226562,1709.18701171875,765.3720092773438,7329.21826171875,115.12703704833984,3271.357666015625
2022-03-31,699.3535766601562,553.4088745117188,708.4052124023438,1711.7901611328125,778.1065673828125,7293.24072265625,115.05223083496094,3278.7216796875
2022-04-01,716.31005859375,554.3806762695312,714.1768798828125,1708.8277587890625,797.4012451171875,7427.0712890625,115.923583984375,3295.20361328125
2022-04-04,788.0361938476562,570.9003295898438,724.216552734375,1690.3349609375,804.299072265625,7499.171875,118.10633087158203,3305.372802734375
2022-04-05,764.9440307617188,570.2686767578125,719.560546875,1670.72021484375,807.048583984375,7486.68115234375,118.37036895751953,3344.341064453125
2022-04-06,737.6423950195312,564.8269653320312,719.3665161132812,1641.7691650390625,798.6553344726562,7469.6572265625,120.64554595947266,3292.22314453125
2022-04-07,721.4231567382812,558.5105590820312,726.1080932617188,1625.7451171875,804.8779296875,7369.6328125,118.77522277832031,3229.803466796875
2022-04-08,720.4243774414062,565.3128051757812,731.6857299804688,1628.976806640625,827.163330078125,7290.009765625,120.64554595947266,3231.118408203125
2022-04-11,711.6250610351562,560.0653076171875,736.8268432617188,1585.842041015625,826.6326293945312,7297.1953125,119.51455688476562,3240.54248046875
2022-04-12,710.3646850585938,527.0260620117188,740.9493408203125,1564.207275390625,830.443359375,7348.2685546875,116.20081329345703,3235.896240234375
2022-04-13,696.7850952148438,531.3016967773438,739.3973999023438,1569.68359375,835.5565185546875,7204.69482421875,116.13481140136719,3210.340576171875
2022-04-18,663.7283325195312,529.9412231445312,735.080810546875,1455.5401611328125,843.2743530273438,7305.00830078125,117.8598861694336,3092.9541015625
2022-04-19,638.400634765625,525.5197143554688,743.3259887695312,1402.2164306640625,841.7307739257812,7171.515625,116.75971221923828,3043.72900390625
2022-04-20,644.1558837890625,529.6011962890625,732.8982543945312,1425.287353515625,850.1721801757812,7394.90380859375,115.6727294921875,3118.158935546875
2022-04-21,653.6923828125,524.9853515625,739.494384765625,1453.2060546875,878.8729858398438,7599.87060546875,114.60774993896484,3181.148193359375
2022-04-22,644.774169921875,499.6228332519531,725.2351684570312,1423.2674560546875,888.1827392578125,7624.2734375,112.4426040649414,3167.033447265625
2022-04-25,649.6019287109375,481.499755859375,729.6487426757812,1401.408447265625,872.119873046875,7631.845703125,107.40819549560547,3110.619140625
2022-04-26,652.5985107421875,479.5076904296875,731.1522216796875,1419.2725830078125,906.9950561523438,7626.4443359375,108.57438659667969,3108.95361328125
2022-04-27,652.8363037109375,478.3901672363281,714.6134033203125,1393.95751953125,894.1640625,7512.28955078125,109.72737121582031,3122.015869140625
2022-04-28,652.2654418945312,474.79473876953125,724.7501220703125,1420.7091064453125,890.3533935546875,7608.50390625,110.9727783203125,3142.26708984375
2022-04-29,658.5677490234375,469.0128479003906,721.0155029296875,1407.1986083984375,889.5816040039062,7444.19189453125,111.87052154541016,3109.303955078125
2022-05-02,667.65234375,470.71337890625,718.784423828125,1383.364501953125,888.8580322265625,7364.0869140625,113.9960708618164,3105.5341796875
2022-05-04,644.9644775390625,448.606201171875,702.53662109375,1378.4720458984375,864.4984741210938,7135.63330078125,111.01677703857422,3050.61083984375
2022-05-05,643.5137329101562,448.5576171875,706.9501953125,1422.9981689453125,867.344482421875,7145.0380859375,113.03231048583984,3080.111083984375
2022-05-06,626.7000122070312,431.2119445800781,697.6865844726562,1385.025146484375,862.3278198242188,7021.18994140625,112.98389434814453,3009.275146484375
2022-05-09,627.7700805664062,431.55206298828125,689.0533447265625,1409.712158203125,863.7266845703125,7099.36669921875,110.21585083007812,3020.234130859375
2022-05-10,637.8536987304688,411.0482482910156,689.974853515625,1394.1370849609375,857.0217895507812,7249.4501953125,102.52780151367188,3014.666748046875
2022-05-11,641.4447631835938,410.6109619140625,692.7879028320312,1370.5723876953125,855.7676391601562,7134.23486328125,102.59821319580078,2991.2158203125
2022-05-12,626.9856567382812,394.3828430175781,674.9395141601562,1354.45849609375,834.7363891601562,6996.49755859375,98.37353515625,2988.279541015625
2022-05-13,621.3560180664062,377.0371398925781,657.042724609375,1350.5087890625,858.1312866210938,6850.17578125,96.55162811279297,2993.758056640625
2022-05-16,627.9719848632812,379.90380859375,662.5233764648438,1336.773681640625,871.4927978515625,6990.662109375,97.12371826171875,2960.356689453125
2022-05-17,632.25439453125,416.295654296875,688.7138671875,1363.1212158203125,878.6800537109375,7265.75048828125,104.62254333496094,3025.93212890625
2022-05-18,632.2063598632812,423.7781066894531,686.143310546875,1354.8175048828125,881.0919189453125,7298.3046875,103.87882232666016,3023.47802734375
2022-05-19,619.2869262695312,405.2177429199219,669.6044921875,1281.160888671875,851.4263305664062,7142.0478515625,98.76519012451172,2859.6708984375
2022-05-20,635.5985717773438,416.9758605957031,688.27734375,1306.2965087890625,871.9269409179688,7317.6435546875,103.02947998046875,2886.8916015625
2022-05-23,627.4428100585938,401.4765625,689.7322998046875,1318.191162109375,908.683349609375,7617.47412109375,90.0341796875,2912.096435546875
2022-05-24,634.6361694335938,389.4754943847656,686.9193725585938,1293.593994140625,913.4588012695312,7526.0341796875,88.57315063476562,2882.50830078125
2022-05-25,639.375732421875,385.6371154785156,691.9634399414062,1266.1689453125,895.659423828125,7511.1806640625,87.93504333496094,2795.70654296875
2022-05-26,657.6119995117188,396.3263244628906,706.6592407226562,1278.2880859375,897.010009765625,7528.30078125,92.59098815917969,2848.043212890625
2022-05-27,669.8095703125,397.5895690917969,717.6204223632812,1311.8623046875,919.2471313476562,7661.36083984375,91.8428726196289,2878.360107421875
2022-05-30,674.3806762695312,404.9748229980469,726.0595703125,1370.6173095703125,963.1425170898438,7729.79541015625,92.19053649902344,2978.930908203125
2022-05-31,668.3179321289062,410.6109619140625,730.2791748046875,1364.0853271484375,997.8729248046875,7683.93115234375,92.91224670410156,2969.31005859375
2022-06-01,671.1568603515625,399.04718017578125,730.0851440429688,1341.359619140625,1010.4146118164062,7657.9365234375,93.60755920410156,2961.234375
2022-06-02,666.4653930664062,398.3183898925781,727.2721557617188,1368.076904296875,1007.7134399414062,7644.4326171875,95.19181060791016,3021.073486328125
2022-06-03,664.1558837890625,395.2573547363281,721.9855346679688,1380.505615234375,992.3740844726562,7431.89404296875,93.93760681152344,3036.209228515625
2022-06-06,663.2656860351562,397.5895690917969,724.3621215820312,1388.0810546875,999.41650390625,7437.19921875,94.8881607055664,3028.09033203125
2022-06-07,655.63916015625,392.7794494628906,713.2068481445312,1366.8975830078125,1005.783935546875,7532.54541015625,94.04322814941406,2967.853271484375
2022-06-08,657.9487915039062,392.0992126464844,707.6292724609375,1360.8193359375,1008.1473999023438,7612.65087890625,95.64949035644531,3004.436767578125
2022-06-09,662.90478515625,388.45513916015625,710.7818603515625,1374.4273681640625,1008.2439575195312,7648.72509765625,91.96170043945312,3024.69140625
2022-06-10,650.1057739257812,374.8507080078125,698.4140625,1339.7718505859375,999.947265625,7653.78955078125,90.10018920898438,2965.3828125
2022-06-13,638.317138671875,356.0960693359375,667.3734741210938,1292.32470703125,968.8827514648438,7621.4765625,87.30574035644531,2841.556640625
2022-06-14,631.2921142578125,348.17626953125,664.9484252929688,1306.8856201171875,983.3055419921875,7534.7158203125,87.6753921508789,2833.569091796875
2022-06-15,629.1027221679688,347.39892578125,666.6459350585938,1290.238037109375,989.3351440429688,7575.03369140625,89.01119232177734,2829.818359375
2022-06-16,616.5202026367188,326.60357666015625,658.1582641601562,1267.5577392578125,969.7992553710938,7555.8876953125,83.64482116699219,2773.068359375
2022-06-17,620.5861206054688,324.27142333984375,666.2578125,1258.576416015625,962.46728515625,7415.59375,84.108642578125,2726.203125
2022-06-20,636.1759643554688,312.41607666015625,665.3848876953125,1282.93505859375,948.0444946289062,7389.3583984375,79.90646362304688,2746.94384765625
2022-06-21,643.1047973632812,329.66455078125,675.2305908203125,1315.367919921875,962.7567138671875,7504.7666015625,82.07711791992188,2834.804931640625
2022-06-22,640.0734252929688,307.5087890625,666.015380859375,1303.8914794921875,949.1057739257812,7506.83984375,77.74507141113281,2844.512939453125
2022-06-23,642.4310913085938,308.6263122558594,678.189208984375,1317.68115234375,991.45751953125,7977.78125,78.04190826416016,2920.282470703125
2022-06-24,651.4049682617188,313.1934814453125,692.0604858398438,1307.3843994140625,1034.2435302734375,8066.712890625,79.11333465576172,2906.42626953125
2022-06-27,652.5838012695312,320.6273498535156,695.843505859375,1337.7760009765625,1044.517822265625,8149.2294921875,80.5047836303711,2925.4892578125
2022-06-28,647.6036987304688,333.8430480957031,689.0048828125,1342.81103515625,1072.78466796875,8188.72802734375,81.52982330322266,2928.53466796875
2022-06-29,646.6654052734375,334.4261169433594,681.6812133789062,1327.479248046875,1072.5433349609375,8207.2470703125,81.78028106689453,2904.131591796875
2022-06-30,648.6141357421875,329.0815124511719,685.997802734375,1326.2545166015625,1054.5994873046875,8170.44970703125,80.43058013916016,2883.479248046875
2022-07-01,651.380859375,331.5108642578125,682.7967529296875,1342.1307373046875,1068.298583984375,8104.71484375,80.9686050415039,2925.843017578125
2022-07-04,652.2951049804688,330.8792419433594,698.5110473632812,1349.9327392578125,1052.718017578125,8144.02099609375,79.27102661132812,2855.19287109375
2022-07-05,650.8274536132812,335.4950256347656,697.8805541992188,1339.0008544921875,1043.79443359375,8052.72705078125,79.7905044555664,2838.64404296875
2022-07-06,659.80126953125,331.3165283203125,704.1856689453125,1353.2440185546875,1065.597412109375,8324.1015625,79.60498046875,2877.874755859375
2022-07-07,671.6139526367188,351.431640625,719.7545166015625,1359.639892578125,1093.3336181640625,8301.2900390625,83.48712158203125,2901.792724609375
2022-07-08,672.2393798828125,347.4474792480469,733.0437622070312,1373.9285888671875,1093.6229248046875,8175.46533203125,82.17916107177734,2882.023193359375
2022-07-11,676.5940551757812,346.13568115234375,746.4300537109375,1336.460693359375,1123.9638671875,8206.0419921875,84.66986083984375,2748.17919921875
2022-07-12,669.6893310546875,337.0984191894531,737.1178588867188,1305.116455078125,1106.212646484375,8121.208984375,83.68193054199219,2722.496337890625
2022-07-13,653.3536987304688,339.04193115234375,730.61865234375,1310.4234619140625,1100.1348876953125,8140.98291015625,83.9370346069336,2681.94189453125
2022-07-14,650.0817260742188,339.23626708984375,729.8427124023438,1296.271240234375,1113.6331787109375,8264.0107421875,84.22923278808594,2653.624267578125
2022-07-15,655.3745727539062,340.6452941894531,728.6786499023438,1297.6318359375,1142.7252197265625,8466.8544921875,81.9843521118164,2649.952392578125
2022-07-18,648.3975830078125,356.7276916503906,748.8551025390625,1351.6563720703125,1133.8563232421875,8396.201171875,83.8860092163086,2710.922119140625
2022-07-19,648.6382446289062,357.5536804199219,757.2457885742188,1346.43994140625,1156.1259765625,8406.8603515625,85.29137420654297,2720.43505859375
2022-07-20,656.8180541992188,358.9140930175781,759.6222534179688,1374.6995849609375,1136.049072265625,8438.8837890625,86.1262435913086,2800.564208984375
2022-07-21,654.7490234375,365.3276062011719,762.4353637695312,1390.66650390625,1145.3079833984375,8485.1328125,86.66891479492188,2811.62548828125
2022-07-22,670.026123046875,370.4778747558594,776.0640869140625,1366.5347900390625,1151.1068115234375,8517.8798828125,86.83126068115234,2806.05029296875
2022-07-25,671.9989013671875,376.11395263671875,776.888671875,1364.0853271484375,1107.005859375,8315.951171875,89.11786651611328,2802.289306640625
2022-07-26,670.6275024414062,371.1095275878906,772.426513671875,1316.5018310546875,1107.1519775390625,8223.595703125,88.07891845703125,2757.291748046875
2022-07-27,675.751953125,377.66876220703125,776.5006713867188,1334.555419921875,1109.19873046875,8351.1572265625,88.99728393554688,2821.84619140625
2022-07-28,681.7424926757812,381.3128356933594,790.1778564453125,1376.604736328125,1119.9681396484375,8411.8759765625,93.08814239501953,2885.249755859375
2022-07-29,690.0907592773438,403.3228454589844,794.0579833984375,1405.90771484375,1134.8795166015625,8462.5146484375,99.8134994506836,2921.885009765625
2022-08-01,695.8407592773438,412.0199890136719,798.714111328125,1407.1324462890625,1206.3182373046875,8684.216796875,100.41645812988281,2919.142333984375
2022-08-02,688.190185546875,406.57818603515625,793.2334594726562,1400.3736572265625,1222.642822265625,8847.8515625,99.25691986083984,2912.947509765625
2022-08-03,689.8020629882812,402.54547119140625,800.0720825195312,1420.7861328125,1221.8631591796875,8698.7216796875,99.30330657958984,2955.158203125
2022-08-04,688.984130859375,409.78497314453125,795.6585083007812,1451.44970703125,1229.757568359375,8705.7607421875,99.90625762939453,2968.829833984375
2022-08-05,686.650390625,399.1929016113281,813.0703735351562,1466.645751953125,1204.51513671875,8583.9130859375,99.58159637451172,2977.767822265625
2022-08-08,703.4913330078125,409.4934387207031,816.7297973632812,1469.1405029296875,1244.279052734375,8662.3134765625,99.44244384765625,2986.085693359375
2022-08-10,705.5363159179688,427.66510009765625,828.24462890625,1453.76318359375,1235.848876953125,8621.29296875,101.29771423339844,2968.210205078125
2022-08-11,714.8709106445312,425.1153564453125,838.93017578125,1469.6392822265625,1234.045654296875,8557.3583984375,101.2049560546875,3028.605224609375
2022-08-12,714.6063232421875,427.8121643066406,853.2750854492188,1446.1878662109375,1227.4671630859375,8446.044921875,104.49805450439453,3010.066650390625
2022-08-16,722.7861328125,420.6043395996094,858.0078735351562,1448.3199462890625,1255.5845947265625,8741.6845703125,104.8227310180664,3002.2353515625
2022-08-17,726.5151977539062,430.4599609375,861.9111938476562,1457.2105712890625,1241.8912353515625,8684.060546875,104.35891723632812,3009.66845703125
2022-08-18,727.3812255859375,429.57733154296875,863.7164916992188,1436.0726318359375,1229.1240234375,8687.3134765625,104.40528869628906,2992.102783203125
2022-08-19,718.4075317382812,419.08428955078125,849.3716430664062,1448.9095458984375,1207.9263916015625,8523.474609375,102.0862045288086,2996.0849609375
2022-08-22,707.4849853515625,410.405517578125,831.66015625,1429.4500732421875,1195.548828125,8376.9169921875,97.44803619384766,2968.475341796875
2022-08-23,705.2957153320312,419.6236572265625,843.0287475585938,1399.28515625,1240.7706298828125,8466.7255859375,99.8134994506836,2906.576416015625
2022-08-24,708.6879272460938,420.5552673339844,852.2015991210938,1394.8397216796875,1236.0924072265625,8450.705078125,98.83948516845703,2880.69287109375
2022-08-25,704.8385620117188,424.3798522949219,851.2745361328125,1377.2852783203125,1227.662109375,8481.6787109375,98.56119537353516,2847.818603515625
2022-08-26,704.9589233398438,431.5386657714844,849.8107299804688,1380.36962890625,1242.28125,8466.822265625,99.58159637451172,2851.358154296875
2022-08-29,692.5928955078125,421.8791809082031,835.1731567382812,1326.118408203125,1244.3765869140625,8577.1171875,97.26250457763672,2772.02587890625
2022-08-30,715.0633544921875,430.50897216796875,865.8633422851562,1354.4232177734375,1275.46630859375,8817.9482421875,100.46284484863281,2841.579345703125
2022-09-01,708.35107421875,413.78875732421875,853.2261962890625,1328.341064453125,1278.7314453125,8761.87890625,98.7003402709961,2771.2734375
2022-09-02,714.7747192382812,406.8751220703125,851.3233642578125,1318.1802978515625,1282.5323486328125,8660.0302734375,97.86546325683594,2770.123291015625
2022-09-05,719.369873046875,420.99658203125,861.1305541992188,1325.7100830078125,1287.015625,8689.595703125,99.16415405273438,2772.77783203125
2022-09-06,716.6271362304688,422.61468505859375,862.301513671875,1320.08544921875,1273.224853515625,8630.0791015625,100.74112701416016,2767.158447265625
2022-09-07,713.2349853515625,424.4779052734375,855.0315551757812,1322.3988037109375,1256.9488525390625,8529.2509765625,99.8134994506836,2787.11328125
2022-09-08,720.5968017578125,412.41583251953125,877.0855712890625,1338.955322265625,1288.3314208984375,8534.833984375,98.19013977050781,2804.85595703125
2022-09-09,721.0780029296875,417.7604064941406,879.476318359375,1371.38818359375,1268.2056884765625,8685.6640625,98.05099487304688,2847.331298828125
2022-09-12,718.6480712890625,422.8107604980469,885.2825927734375,1393.660400390625,1264.1124267578125,8667.84765625,99.95265197753906,2869.7197265625
2022-09-13,728.054931640625,428.20440673828125,888.0149536132812,1401.598388671875,1266.8411865234375,8666.7294921875,99.95265197753906,2857.6845703125
2022-09-14,735.537109375,433.4509582519531,895.919189453125,1338.5018310546875,1265.0870361328125,8706.24609375,101.25133514404297,2761.2734375
2022-09-15,731.7117919921875,416.19134521484375,895.4313354492188,1299.8546142578125,1264.1124267578125,8941.7373046875,99.25691986083984,2747.071044921875
2022-09-16,718.2631225585938,404.52154541015625,887.1365966796875,1249.27734375,1218.3546142578125,8922.22265625,98.05099487304688,2662.429931640625
2022-09-19,723.002685546875,404.17828369140625,877.475830078125,1261.298095703125,1255.9256591796875,9010.767578125,95.6391372680664,2680.216064453125
2022-09-20,731.7117919921875,413.29840087890625,894.6018676757812,1259.7105712890625,1269.862548828125,9030.1865234375,98.14376068115234,2690.39306640625
2022-09-21,730.5811157226562,403.3937683105469,893.1381225585938,1249.458984375,1273.468505859375,8978.77734375,96.89144897460938,2655.792724609375
2022-09-22,715.0153198242188,404.1292724609375,881.5744018554688,1241.021728515625,1277.1234130859375,9128.2470703125,96.10295867919922,2661.279052734375
2022-09-23,695.8407592773438,388.68389892578125,860.9353637695312,1238.7537841796875,1239.9908447265625,9071.546875,96.75230407714844,2638.846923828125
2022-09-26,686.4579467773438,366.1778259277344,840.2474975585938,1252.180419921875,1205.0025634765625,8577.845703125,92.62432098388672,2649.77490234375
2022-09-27,680.2990112304688,366.3739318847656,831.952880859375,1264.2464599609375,1204.3690185546875,8518.716796875,90.58353424072266,2670.172607421875
2022-09-28,668.606689453125,353.7724914550781,828.9765625,1265.28955078125,1210.85009765625,8472.79296875,88.31082153320312,2686.27783203125
2022-09-29,665.1422119140625,364.0203552246094,823.5119018554688,1268.8734130859375,1226.3951416015625,8373.859375,89.84142303466797,2652.341552734375
2022-09-30,683.9077758789062,382.9960632324219,841.1746215820312,1282.2999267578125,1235.994873046875,8571.244140625,92.1141357421875,2658.75732421875
2022-10-03,679.9862670898438,373.581787109375,827.8543701171875,1264.4281005859375,1219.57275390625,8298.2744140625,91.23287963867188,2641.41259765625
2022-10-04,699.1367797851562,386.4283752441406,846.6880493164062,1296.7701416015625,1228.34423828125,8437.5986328125,93.83026123046875,2735.390625
2022-10-06,691.4381103515625,404.6686096191406,864.0580444335938,1320.1307373046875,1224.98193359375,8449.734375,96.05657958984375,2744.94775390625
2022-10-07,688.454833984375,403.14862060546875,861.2280883789062,1316.54736328125,1207.3902587890625,8523.619140625,95.82467651367188,2712.16162109375
2022-10-10,680.8523559570312,399.6182556152344,860.447509765625,1326.934814453125,1211.4349365234375,8604.4970703125,95.73190307617188,2759.636962890625
2022-10-11,673.9476318359375,388.3896789550781,849.5667724609375,1291.689697265625,1198.3265380859375,8431.43359375,93.08814239501953,2716.2763671875
2022-10-12,678.3502807617188,392.45947265625,847.3711547851562,1296.1348876953125,1216.2105712890625,8433.8115234375,93.27367401123047,2743.8857421875
2022-10-13,670.555419921875,393.7833251953125,832.9774780273438,1288.1514892578125,1216.5028076171875,8397.8408203125,92.85623931884766,2746.14208984375
2022-10-14,692.400390625,389.46844482421875,849.2252807617188,1337.4586181640625,1199.0574951171875,8366.5283203125,92.85623931884766,2742.4697265625
2022-10-17,696.033203125,380.7895812988281,863.8141479492188,1351.7017822265625,1198.7650146484375,8469.9296875,92.34603881835938,2760.74560546875
2022-10-18,694.734130859375,385.8399963378906,875.2314453125,1364.1759033203125,1221.960693359375,8551.0478515625,93.36643981933594,2789.979736328125
2022-10-19,701.8554077148438,382.7508850097656,870.54736328125,1347.6192626953125,1216.6978759765625,8465.607421875,92.80986022949219,2769.70703125
2022-10-20,697.1158447265625,387.55615234375,867.1807250976562,1361.6358642578125,1218.257080078125,8454.0068359375,93.59835052490234,2801.15771484375
2022-10-21,692.2078857421875,386.1341857910156,885.2338256835938,1361.272705078125,1224.835693359375,8450.0263671875,92.9489974975586,2783.502685546875
2022-10-24,703.0101928710938,387.89935302734375,903.921142578125,1377.0128173828125,1238.675048828125,8510.3671875,93.87663269042969,2805.06201171875
2022-10-25,698.1263427734375,390.6942138671875,902.7012939453125,1384.678955078125,1248.859619140625,8742.9462890625,93.87663269042969,2805.416748046875
2022-10-27,699.8103637695312,404.4234313964844,902.0670776367188,1397.6563720703125,1261.2860107421875,8778.8203125,96.65953063964844,2801.24658203125
2022-10-28,701.87939453125,397.1175842285156,885.9168701171875,1387.8428955078125,1278.341552734375,9216.3076171875,94.24768829345703,2806.436767578125
2022-10-31,720.1637573242188,397.80401611328125,886.7463989257812,1410.2208251953125,1314.3531494140625,9250.337890625,94.2013168334961,2832.964111328125
2022-11-01,728.1271362304688,406.384765625,886.6487426757812,1442.6414794921875,1319.664794921875,9179.4619140625,93.87663269042969,2892.00732421875
2022-11-02,728.5841674804688,413.15130615234375,882.8429565429688,1424.5740966796875,1318.008056640625,8960.8154296875,93.92302703857422,2876.0380859375
2022-11-03,725.3843994140625,402.4131164550781,886.6975708007812,1403.892822265625,1301.488525390625,8970.2333984375,94.61874389648438,2845.0302734375
2022-11-04,720.3803100585938,422.222412109375,883.428466796875,1388.531005859375,1304.3148193359375,8960.9130859375,97.16974639892578,2854.47900390625
2022-11-07,725.9859619140625,429.0379943847656,895.3338012695312,1382.5235595703125,1316.9847412109375,9061.6923828125,98.97863006591797,2868.93994140625
2022-11-09,725.7693481445312,409.0325622558594,888.5028686523438,1385.9627685546875,1303.5838623046875,8984.21484375,98.42205047607422,2853.281494140625
2022-11-10,733.6605834960938,407.07122802734375,888.6980590820312,1377.4796142578125,1265.2330322265625,8832.51171875,97.12335205078125,2844.054443359375
2022-11-11,775.2333984375,421.53594970703125,884.6482543945312,1439.9818115234375,1254.4149169921875,8823.09375,99.76712036132812,2941.91259765625
2022-11-14,777.1100463867188,446.7388610839844,873.3285522460938,1453.9222412109375,1245.6922607421875,8886.0068359375,100.83389282226562,2959.257568359375
2022-11-15,779.0105590820312,448.062744140625,889.6738891601562,1461.901123046875,1258.8980712890625,8895.5712890625,100.69475555419922,2956.683837890625
2022-11-16,785.6987915039062,438.7464904785156,891.5279541015625,1469.971923828125,1254.025146484375,8869.1142578125,98.83948516845703,2976.8681640625
2022-11-17,778.6016235351562,431.9309387207031,897.5781860351562,1455.84814453125,1227.36962890625,8724.935546875,98.19013977050781,2971.234619140625
2022-11-18,776.556640625,430.1167297363281,898.1148681640625,1461.3505859375,1195.9874267578125,8590.5634765625,97.86546325683594,2966.310546875
2022-11-21,768.59326171875,422.222412109375,899.1394653320312,1438.2391357421875,1187.3134765625,8607.21484375,96.70592498779297,2913.123046875
2022-11-22,767.4625244140625,422.32049560546875,901.3839721679688,1453.6927490234375,1197.25439453125,8615.515625,97.58717346191406,2941.02490234375
2022-11-23,769.4594116210938,424.96826171875,905.0433349609375,1451.9503173828125,1204.3201904296875,8674.4990234375,97.81908416748047,2935.125
2022-11-24,781.9697875976562,429.8715515136719,916.1679077148438,1494.7342529296875,1222.204345703125,8706.1484375,97.86546325683594,2998.870849609375
2022-11-25,778.3610229492188,432.1270446777344,907.824462890625,1500.099609375,1228.782958984375,8757.0234375,98.51480865478516,3007.298828125
2022-11-28,769.9887084960938,422.8107604980469,914.7529907226562,1488.8646240234375,1218.9393310546875,8723.9169921875,97.30889129638672,3012.267578125
2022-11-29,768.8338623046875,427.5179748535156,923.8770751953125,1494.04638671875,1225.1767578125,8650.9052734375,98.42205047607422,3014.130859375
2022-11-30,773.9342041015625,441.9826965332031,929.8785400390625,1499.457275390625,1272.4451904296875,8712.9951171875,99.8598861694336,3008.319580078125
2022-12-01,779.251220703125,454.4370422363281,917.4853515625,1519.7718505859375,1260.603759765625,8697.4599609375,102.73554992675781,3083.59814453125
2022-12-02,773.28466796875,452.1815185546875,908.1172485351562,1502.1629638671875,1232.4864501953125,8559.30078125,103.89508819580078,3051.215576171875
2022-12-05,776.0994873046875,471.89276123046875,911.0447387695312,1503.8597412109375,1227.808349609375,8536.193359375,107.46648406982422,3039.46044921875
2022-12-06,775.2333984375,460.9093933105469,900.359375,1479.23486328125,1230.9757080078125,8463.666015625,104.77633666992188,3003.484130859375
2022-12-07,774.8966064453125,455.31964111328125,899.8713989257812,1472.447998046875,1234.4356689453125,8407.1611328125,103.1529769897461,2999.270263671875
2022-12-08,779.251220703125,462.5274658203125,909.3858642578125,1485.884033203125,1241.98876953125,8430.025390625,103.75594329833984,2972.609619140625
2022-12-09,784.8087158203125,453.8976745605469,907.4342041015625,1439.248291015625,1233.26611328125,8362.693359375,102.4572525024414,2921.329345703125
2022-12-12,790.9195556640625,453.0151062011719,907.824462890625,1418.9794921875,1231.9017333984375,8407.7431640625,103.6167984008789,2915.739990234375
2022-12-13,793.1088256835938,449.23956298828125,910.4104614257812,1441.8616943359375,1250.7601318359375,8369.8291015625,103.1529769897461,2956.240478515625
2022-12-14,799.821044921875,460.2229309082031,899.4810180664062,1448.5111083984375,1253.7813720703125,8390.12109375,104.86911010742188,2985.740234375
2022-12-15,785.1695556640625,452.0834655761719,886.8439331054688,1412.834716796875,1254.268798828125,8334.34375,102.92107391357422,2932.286376953125
2022-12-16,788.9467163085938,447.9156799316406,880.208251953125,1396.0513916015625,1219.81640625,8238.85546875,103.01384735107422,2874.751220703125
2022-12-19,791.400634765625,451.2498779296875,884.5507202148438,1382.431884765625,1257.875,8353.4697265625,103.7095718383789,2840.8603515625
2022-12-20,785.9393920898438,448.2098388671875,887.72216796875,1382.38623046875,1242.865966796875,8276.2841796875,102.92107391357422,2878.0341796875
2022-12-21,778.3369140625,448.30792236328125,870.6937866210938,1384.44970703125,1233.558349609375,8107.39599609375,101.48324584960938,2899.859375
2022-12-22,775.66650390625,446.6898193359375,869.1324462890625,1395.9136962890625,1202.6146240234375,8091.8125,99.8598861694336,2892.00732421875
2022-12-23,768.7376708984375,421.24176025390625,857.6663208007812,1373.0313720703125,1193.5020751953125,7904.67236328125,94.85065460205078,2864.19384765625
2022-12-26,784.0386962890625,434.3825988769531,871.620849609375,1377.8922119140625,1205.635986328125,8016.51904296875,97.40164184570312,2885.974609375
2022-12-27,784.8327026367188,461.8900451660156,878.890869140625,1389.3104248046875,1202.9071044921875,8063.75390625,103.10660552978516,2891.829833984375
2022-12-28,784.2072143554688,456.937744140625,877.23193359375,1384.9998779296875,1220.54736328125,8175.98974609375,102.03982543945312,2889.701171875
2022-12-29,789.7406005859375,460.811279296875,886.1119995117188,1391.7867431640625,1230.29345703125,8190.31005859375,103.6631851196289,2900.03662109375
2022-12-30,783.4132690429688,464.1946105957031,869.3275756835938,1383.2115478515625,1217.4774169921875,8150.3095703125,104.49805450439453,2889.345703125
2023-01-02,783.6779174804688,477.6296081542969,880.6473388671875,1397.7020263671875,1230.78076171875,8158.75537109375,110.62044525146484,2893.560302734375
2023-01-03,788.8023681640625,470.6178894042969,879.5739135742188,1396.372314453125,1217.574951171875,8138.80419921875,109.87833404541016,2937.83154296875
2023-01-04,774.7041625976562,452.57379150390625,877.3782348632812,1370.9222412109375,1204.8076171875,8177.689453125,107.37372589111328,2940.759033203125
2023-01-05,769.7240600585938,456.69256591796875,857.9103393554688,1352.9462890625,1220.83984375,8214.875,108.11582946777344,2937.609619140625
2023-01-06,767.1738891601562,453.7015380859375,849.078857421875,1328.458984375,1232.7786865234375,8139.0947265625,107.28096008300781,2849.288818359375
2023-01-09,768.6654663085938,461.6448974609375,852.2503051757812,1361.4296875,1277.0745849609375,8133.22119140625,109.04347229003906,2945.46142578125
2023-01-10,754.6154174804688,468.3133239746094,840.540283203125,1347.947998046875,1281.509033203125,8051.8125,110.2493896484375,2915.69580078125
2023-01-11,765.48974609375,481.4541931152344,845.3707275390625,1349.32373046875,1279.267333984375,8043.365234375,110.2493896484375,2953.22412109375
2023-01-12,769.5796508789062,476.25665283203125,839.8572387695312,1357.8988037109375,1286.3822021484375,8125.64892578125,109.55365753173828,2958.237060546875
2023-01-13,770.1812133789062,479.0515441894531,852.3480224609375,1379.03857421875,1294.422607421875,8207.3984375,111.73360443115234,2993.902587890625
2023-01-16,762.7952270507812,473.70697021484375,844.3461303710938,1399.077880859375,1282.1912841796875,8136.23095703125,111.26978302001953,3025.20654296875
2023-01-17,774.1508178710938,478.4631652832031,844.2484741210938,1411.9176025390625,1287.307861328125,8232.5927734375,110.71320343017578,3065.448486328125
2023-01-18,787.8159790039062,493.2220764160156,848.493408203125,1417.3287353515625,1288.5748291015625,8246.865234375,113.5888671875,3075.973876953125
2023-01-19,791.087890625,489.2503967285156,845.2244262695312,1411.3673095703125,1286.0408935546875,8254.244140625,114.6092758178711,3060.639404296875
2023-01-20,799.195556640625,480.4735107421875,849.3228759765625,1399.123779296875,1281.3629150390625,8194.1943359375,114.05268859863281,3051.565673828125
2023-01-23,805.041748046875,484.6413269042969,850.6401977539062,1419.7132568359375,1294.71484375,8172.15380859375,113.17143249511719,3098.567138671875
2023-01-24,815.8198852539062,475.2760009765625,849.7131958007812,1423.2900390625,1290.280517578125,8445.6572265625,111.68722534179688,3117.985107421875
2023-01-25,793.2772216796875,479.63995361328125,834.6364135742188,1415.1275634765625,1278.1954345703125,8528.474609375,112.24380493164062,3112.041748046875
2023-01-27,777.4708862304688,469.7353210449219,797.45703125,1393.25390625,1286.67431640625,8483.23046875,111.91913604736328,3095.07373046875
2023-01-30,776.6769409179688,463.21392822265625,803.6046752929688,1411.275634765625,1297.7850341796875,8560.41796875,110.15662384033203,3115.580322265625
2023-01-31,771.552490234375,459.34033203125,811.8018188476562,1406.6441650390625,1343.737548828125,8636.4375,111.03787994384766,3047.57275390625
2023-02-01,783.1245727539062,458.80096435546875,827.4640502929688,1422.5562744140625,1317.715576171875,8513.66796875,113.21781921386719,3092.624267578125
2023-02-02,771.4802856445312,456.3983459472656,837.1736450195312,1452.5006103515625,1318.0567626953125,8612.0205078125,111.26978302001953,3139.8525390625
2023-02-03,798.1611328125,450.7595520019531,842.9310913085938,1466.8533935546875,1352.7528076171875,8682.0712890625,111.64083862304688,3159.7236328125
2023-02-06,794.7688598632812,438.6974792480469,833.0750732421875,1439.75244140625,1341.057373046875,8648.7685546875,108.95069885253906,3139.444091796875
2023-02-07,795.9476318359375,421.24176025390625,832.1480712890625,1432.9197998046875,1331.99365234375,8507.4541015625,103.38489532470703,3150.876953125
2023-02-08,795.8515014648438,428.05731201171875,838.3446044921875,1458.6910400390625,1338.1824951171875,8577.6025390625,103.38489532470703,3194.02197265625
2023-02-09,794.1914672851562,435.95159912109375,840.0036010742188,1482.994873046875,1337.353759765625,8545.0771484375,103.19937133789062,3212.85009765625
2023-02-10,797.3430786132812,424.7720947265625,833.2214965820312,1475.2454833984375,1330.775390625,8554.931640625,100.9266586303711,3209.855712890625
2023-02-13,797.9445190429688,419.42755126953125,830.0988159179688,1437.5513916015625,1318.6414794921875,8553.0869140625,100.88027954101562,3159.814697265625
2023-02-14,805.3305053710938,426.39019775390625,844.3948364257812,1461.213134765625,1328.53369140625,8519.10546875,101.34410095214844,3175.874755859375
2023-02-15,803.694580078125,425.5566711425781,849.761962890625,1464.6983642578125,1344.322265625,8587.9423828125,102.31812286376953,3194.521484375
2023-02-16,800.783447265625,426.29217529296875,848.4446411132812,1469.0545654296875,1333.40673828125,8548.86328125,103.89508819580078,3228.45703125
2023-02-17,796.7656860351562,421.19268798828125,841.8088989257812,1452.54638671875,1307.4334716796875,8551.435546875,104.12699890136719,3176.82763671875
2023-02-20,789.2835083007812,425.850830078125,831.5137329101562,1460.4794921875,1312.0628662109375,8440.6572265625,104.21976470947266,3164.2607421875
2023-02-21,792.2427368164062,423.1540222167969,833.5630493164062,1448.6026611328125,1317.5206298828125,8417.548828125,104.96187591552734,3131.322998046875
2023-02-22,776.7009887695312,421.3888854980469,818.9742431640625,1432.3695068359375,1286.23583984375,8406.966796875,103.10660552978516,3086.45361328125
2023-02-23,771.4321899414062,428.00830078125,819.462158203125,1422.1893310546875,1280.5831298828125,8443.181640625,103.94147491455078,3097.5693359375
2023-02-24,764.5514526367188,407.21832275390625,819.413330078125,1422.1436767578125,1247.690185546875,8408.4716796875,101.80790710449219,3085.4560546875
2023-02-27,766.4521484375,403.8350524902344,835.7099609375,1384.2203369140625,1225.4691162109375,8380.9951171875,98.42205047607422,3023.2099609375
2023-02-28,769.6759033203125,391.4787902832031,834.1973266601562,1364.2728271484375,1237.359375,8373.3720703125,96.4276351928711,3005.970947265625
2023-03-01,768.93017578125,405.0608825683594,835.6123046875,1372.068603515625,1239.8446044921875,8509.10546875,97.86546325683594,3072.072021484375
2023-03-02,762.38623046875,402.8543701171875,833.367919921875,1350.14892578125,1219.7677001953125,8299.9736328125,97.07698059082031,3013.7734375
2023-03-03,777.5189819335938,408.83642578125,847.56640625,1356.70654296875,1236.384765625,8350.9453125,99.25691986083984,3032.556396484375
2023-03-06,783.0042724609375,406.4828796386719,846.7857055664062,1382.5235595703125,1238.1878662109375,8380.2666015625,98.00460815429688,3059.505126953125
2023-03-08,784.5680541992188,399.8634033203125,851.0305786132812,1368.9959716796875,1257.192626953125,8440.900390625,98.79309844970703,3076.336669921875
2023-03-09,784.6402587890625,400.942138671875,835.270751953125,1357.71533203125,1216.4541015625,8293.37109375,100.37007141113281,3027.747314453125
2023-03-10,764.4071655273438,397.80401611328125,822.2921142578125,1349.598876953125,1195.548828125,8351.2373046875,100.27731323242188,3022.439208984375
2023-03-13,754.7356567382812,394.46978759765625,808.3863525390625,1316.1695556640625,1163.14306640625,8270.5078125,99.07139587402344,2977.932373046875
2023-03-14,752.7147827148438,394.91107177734375,810.2892456054688,1302.3209228515625,1131.3223876953125,8264.4384765625,98.7003402709961,2917.13916015625
2023-03-15,741.9125366210938,398.29437255859375,805.94677734375,1302.0,1130.8837890625,8228.3212890625,100.78751373291016,2902.575927734375
2023-03-16,746.7242431640625,377.50439453125,803.9951171875,1287.738525390625,1137.41357421875,8191.912109375,97.44803619384766,2889.9638671875
2023-03-17,756.70849609375,389.02716064453125,816.0466918945312,1302.962890625,1141.75048828125,8074.82177734375,99.25691986083984,2884.79150390625
2023-03-20,751.4636840820312,378.2889099121094,816.2418823242188,1287.3258056640625,1137.998291015625,7980.4013671875,96.93783569335938,2852.126708984375
2023-03-21,759.9803466796875,381.0347595214844,831.8065795898438,1275.4490966796875,1130.8350830078125,7988.9462890625,97.16974639892578,2818.3720703125
2023-03-22,758.2241821289062,385.15350341796875,839.4180908203125,1274.1192626953125,1134.53857421875,8012.248046875,97.21612548828125,2840.7841796875
2023-03-23,752.1373901367188,391.0865173339844,834.7828369140625,1260.6375732421875,1135.366943359375,8110.11376953125,97.30889129638672,2835.20361328125
2023-03-24,750.9344482421875,380.88763427734375,831.8065795898438,1266.2320556640625,1121.5762939453125,8003.0244140625,94.71150207519531,2831.438232421875
2023-03-27,754.2063598632812,382.4076843261719,828.1959228515625,1273.843994140625,1109.0037841796875,8037.4423828125,94.89704132080078,2833.0712890625
2023-03-28,760.3412475585938,385.3006286621094,834.0997924804688,1263.4345703125,1099.647705078125,7969.916015625,95.08256530761719,2827.2646484375
2023-03-29,763.9981689453125,391.3316650390625,830.4403076171875,1268.8916015625,1115.2413330078125,8053.89892578125,96.10295867919922,2848.1337890625
2023-03-31,774.463623046875,397.50982666015625,856.05615234375,1309.6121826171875,1129.2755126953125,8050.8408203125,96.93783569335938,2908.92724609375
2023-04-03,774.9447631835938,394.76397705078125,862.4478759765625,1293.92919921875,1140.1912841796875,8255.603515625,96.56678009033203,2903.574462890625
2023-04-05,795.7310791015625,395.4994812011719,863.228515625,1305.5767822265625,1126.1080322265625,8201.232421875,97.26250457763672,2939.6875
2023-04-06,801.7938842773438,397.4117736816406,853.8605346679688,1304.0634765625,1141.507080078125,8268.8076171875,96.79869079589844,2922.356201171875
2023-04-10,797.99267578125,403.4918212890625,847.46875,1309.291015625,1158.416259765625,8286.76953125,97.35526275634766,2961.1005859375
2023-04-11,800.3262939453125,409.4738464355469,860.5938720703125,1289.6187744140625,1171.1837158203125,8407.548828125,99.76712036132812,2916.095947265625
2023-04-12,810.7196044921875,409.5718994140625,868.64453125,1309.93310546875,1176.690185546875,8370.1689453125,99.8134994506836,2941.36572265625
2023-04-13,814.352294921875,413.8868103027344,877.2807006835938,1274.0732421875,1173.9613037109375,8418.4716796875,99.72073364257812,2893.457275390625
2023-04-17,801.938232421875,420.408203125,879.525146484375,1154.021484375,1182.14794921875,8422.2099609375,99.39606475830078,2848.678466796875
2023-04-18,798.5459594726562,423.20306396484375,875.1825561523438,1154.9844970703125,1174.107421875,8478.5224609375,99.8134994506836,2840.739013671875
2023-04-19,801.4810791015625,424.6740417480469,870.3522338867188,1130.0843505859375,1184.6331787109375,8427.35546875,100.27731323242188,2803.401123046875
2023-04-20,804.4644165039062,421.53594970703125,872.7918701171875,1122.013671875,1187.654541015625,8461.044921875,100.18455505371094,2817.192626953125
2023-04-21,805.7634887695312,414.1810302734375,864.2532348632812,1125.636474609375,1181.953125,8309.3916015625,98.46842956542969,2868.050537109375
2023-04-24,812.2833862304688,419.5256042480469,882.8917846679688,1124.67333984375,1177.080078125,8219.77734375,98.79309844970703,2880.7080078125
2023-04-25,800.7353515625,421.48687744140625,891.3816528320312,1123.389404296875,1179.1265869140625,8222.4482421875,99.30330657958984,2881.797607421875
2023-04-26,804.4161987304688,416.5835876464844,892.8453979492188,1125.81982421875,1182.7327880859375,8259.341796875,99.11776733398438,2901.895751953125
2023-04-27,808.8429565429688,422.4675598144531,896.1632080078125,1142.969970703125,1192.9173583984375,8294.341796875,99.8598861694336,2892.640625
2023-04-28,812.0186767578125,427.6650695800781,895.4801635742188,1148.9312744140625,1195.7437744140625,8339.5859375,100.13816833496094,2921.041015625
2023-05-02,811.8502807617188,437.5206604003906,899.8225708007812,1171.5843505859375,1205.879638671875,8521.435546875,102.31812286376953,2921.176513671875
2023-05-03,814.689208984375,433.7451477050781,900.554443359375,1163.97216796875,1204.0765380859375,8541.2900390625,101.76152801513672,2885.336181640625
2023-05-04,831.3616333007812,436.88323974609375,899.4323120117188,1168.007568359375,1200.421875,8544.494140625,103.01384735107422,2922.356201171875
2023-05-05,782.2103881835938,425.850830078125,904.555419921875,1154.7548828125,1180.4422607421875,8688.236328125,100.78751373291016,2931.43017578125
2023-05-08,791.2562866210938,436.44195556640625,915.2409057617188,1160.7164306640625,1200.519287109375,8812.123046875,101.62239074707031,2949.4873046875
2023-05-09,791.2803344726562,431.8328857421875,911.8255004882812,1165.3939208984375,1213.8226318359375,8846.39453125,101.62239074707031,2979.11279296875
2023-05-10,794.937255859375,428.00830078125,913.435546875,1158.561279296875,1216.94140625,8901.349609375,101.34410095214844,2982.333251953125
2023-05-11,795.4664916992188,412.7100524902344,916.5094604492188,1152.003662109375,1219.524169921875,8991.3994140625,100.69475555419922,2978.11376953125
2023-05-12,802.4916381835938,396.9214172363281,921.095947265625,1142.0069580078125,1243.548095703125,9024.8955078125,99.0250015258789,2970.99169921875
2023-05-15,806.3410034179688,402.7563781738281,922.9012451171875,1154.0672607421875,1253.0018310546875,8939.3583984375,99.90625762939453,2953.5244140625
2023-05-16,801.7174072265625,404.4725036621094,923.4866943359375,1159.5242919921875,1230.390869140625,8807.3642578125,99.62797546386719,2956.337646484375
2023-05-17,797.4102172851562,399.8143615722656,916.6558837890625,1143.5660400390625,1231.0244140625,8854.017578125,98.32928466796875,2911.468017578125
2023-05-18,800.5980224609375,398.6375732421875,923.6331176757812,1142.7408447265625,1213.871337890625,8789.83984375,97.58717346191406,2903.43798828125
2023-05-19,801.5228271484375,398.8827209472656,931.2446899414062,1163.742919921875,1228.39306640625,8840.9580078125,97.07698059082031,2924.307373046875
2023-05-22,798.6757202148438,399.8143615722656,927.39013671875,1185.6624755859375,1233.4122314453125,8890.18359375,97.40164184570312,2993.130859375
2023-05-23,796.8018798828125,402.36407470703125,930.366455078125,1192.3115234375,1236.336181640625,8932.951171875,97.95823669433594,2991.63427734375
2023-05-24,786.3868408203125,399.02984619140625,917.9244384765625,1191.02734375,1243.3045654296875,9000.962890625,97.58717346191406,2997.350341796875
2023-05-25,783.3693237304688,396.4311218261719,917.1437377929688,1196.255126953125,1245.3511962890625,9011.740234375,97.26250457763672,2988.412841796875
2023-05-26,786.3868408203125,405.5512390136719,927.7316284179688,1208.269287109375,1249.2982177734375,9126.4033203125,98.7003402709961,3020.533447265625
2023-05-29,795.9744873046875,411.7784118652344,925.2432861328125,1205.4722900390625,1296.371826171875,9061.8876953125,100.60198974609375,3012.77587890625
2023-05-30,796.5828857421875,405.1098937988281,926.9998168945312,1214.13916015625,1294.71484375,9110.28515625,99.30330657958984,3009.01025390625
2023-05-31,783.9777221679688,398.0491943359375,926.2191162109375,1209.0489501953125,1285.5048828125,9095.091796875,98.14376068115234,2984.783935546875
2023-06-01,780.6439208984375,398.490478515625,913.484375,1210.149658203125,1285.407470703125,9056.8369140625,98.28289794921875,3016.087646484375
2023-06-02,781.8606567382812,412.6119384765625,915.48486328125,1207.361328125,1307.336181640625,9209.3173828125,100.18455505371094,2999.39208984375
2023-06-05,780.838623046875,411.582275390625,923.8770751953125,1212.47314453125,1359.9647216796875,9303.251953125,101.48324584960938,2984.23876953125
2023-06-06,778.4051513671875,407.5125427246094,919.3394165039062,1188.772216796875,1375.363525390625,9452.8681640625,101.11219024658203,2932.882080078125
2023-06-07,782.4446411132812,414.4261779785156,917.4853515625,1198.0201416015625,1370.685546875,9425.001953125,103.43126678466797,2971.535888671875
2023-06-08,782.9312744140625,410.16033935546875,915.2409057617188,1192.30419921875,1345.979248046875,9377.525390625,103.10660552978516,2936.64794921875
2023-06-09,783.8560180664062,407.0221862792969,915.3872680664062,1176.6427001953125,1335.8433837890625,9347.6220703125,101.0194320678711,2912.0126953125
2023-06-12,779.0865478515625,408.73834228515625,913.3380126953125,1200.8084716796875,1346.3203125,9272.5234375,101.57601165771484,2946.12939453125
2023-06-13,780.4005737304688,413.2493896484375,920.75439453125,1212.7987060546875,1338.2799072265625,9240.5322265625,103.10660552978516,2943.22607421875
2023-06-14,779.5488891601562,416.8287658691406,917.094970703125,1208.6624755859375,1343.64013671875,9255.095703125,105.56483459472656,2949.89501953125
2023-06-15,769.961181640625,414.8674621582031,904.2138671875,1196.02197265625,1357.382080078125,9315.630859375,105.51844787597656,2940.068603515625
2023-06-16,780.0355224609375,418.6920471191406,911.6303100585938,1200.5299072265625,1368.2000732421875,9324.224609375,105.9822769165039,2902.22412109375
2023-06-19,780.7169799804688,417.9075012207031,900.8472900390625,1202.7139892578125,1366.9332275390625,9254.6103515625,105.84312438964844,2934.675048828125
2023-06-20,782.3473510742188,420.65338134765625,903.1892700195312,1211.450927734375,1360.9881591796875,9215.87109375,105.9822769165039,2950.4892578125
2023-06-21,796.0231323242188,412.80810546875,902.3598022460938,1207.6865234375,1339.351806640625,9166.1123046875,105.65760040283203,2978.369873046875
2023-06-22,799.9166870117188,411.92547607421875,903.3844604492188,1191.142333984375,1343.688720703125,9129.412109375,106.4239273071289,2960.36181640625
2023-06-23,799.8680419921875,400.5989074707031,901.1887817382812,1175.759765625,1338.3773193359375,9055.8671875,104.987060546875,2940.1142578125
2023-06-26,795.9989013671875,406.6789855957031,905.0433349609375,1180.732421875,1362.15771484375,9194.609375,105.22653198242188,2915.707275390625
2023-06-27,807.2169799804688,409.66998291015625,913.484375,1188.9114990234375,1366.787109375,9185.6767578125,106.08866119384766,2922.745849609375
2023-06-28,815.7583618164062,412.0726318359375,914.8017578125,1202.10986328125,1359.5748291015625,9263.0087890625,106.85498809814453,2939.291748046875
2023-06-30,828.0470581054688,412.80810546875,912.0205688476562,1241.286376953125,1416.6868896484375,9504.1787109375,107.28604888916016,3018.63623046875
2023-07-03,837.0021362304688,417.4172058105469,919.7785034179688,1239.6131591796875,1430.6724853515625,9391.5068359375,108.33975219726562,2991.2587890625
2023-07-04,841.0902099609375,417.56427001953125,921.8765869140625,1250.2554931640625,1427.26123046875,9366.65234375,107.6692123413086,3024.670166015625
2023-07-05,814.3712768554688,413.3474426269531,934.8552856445312,1252.25390625,1437.884521484375,9701.5146484375,108.19606018066406,3034.81640625
2023-07-06,815.1986083984375,418.15264892578125,936.2214965820312,1249.0938720703125,1509.4693603515625,9572.482421875,107.90869140625,3037.5126953125
2023-07-07,808.093017578125,414.5242614746094,923.5355224609375,1236.3602294921875,1524.4295654296875,9563.5986328125,106.90287780761719,3043.317626953125
2023-07-10,806.1705322265625,419.5746154785156,925.4872436523438,1235.3843994140625,1512.0032958984375,9452.9638671875,110.44715881347656,2990.93896484375
2023-07-11,802.2527465820312,416.4365234375,922.1205444335938,1253.4622802734375,1529.5947265625,9612.046875,110.303466796875,2991.350341796875
2023-07-12,794.7334594726562,416.6326904296875,921.5839233398438,1239.2415771484375,1530.959228515625,9549.5693359375,109.87240600585938,2979.92333984375
2023-07-13,798.6998901367188,426.782470703125,932.61083984375,1268.7982177734375,1527.109619140625,9366.796875,110.0160903930664,3053.6474609375
2023-07-14,800.3546752929688,438.30523681640625,936.8557739257812,1325.35546875,1523.072021484375,9324.1748046875,112.21929168701172,3212.794677734375
2023-07-17,817.0966796875,438.4523010253906,945.296875,1322.5670166015625,1512.9775390625,9407.57421875,112.79403686523438,3191.8154296875
2023-07-18,816.4153442382812,435.902587890625,951.8837280273438,1371.131103515625,1511.40185546875,9384.37109375,111.69243621826172,3196.523193359375
2023-07-19,820.1141357421875,430.7051086425781,949.9320068359375,1370.8988037109375,1521.0037841796875,9327.9619140625,111.78822326660156,3172.025146484375
2023-07-20,821.8905639648438,433.0096435546875,971.546875,1347.2442626953125,1521.8900146484375,9488.1103515625,112.0277099609375,3174.087646484375
2023-07-21,815.5635986328125,426.0959777832031,972.9130249023438,1237.66162109375,1500.371826171875,9485.732421875,111.69243621826172,3087.020751953125
2023-07-24,816.8533935546875,424.5760192871094,968.0338134765625,1242.3087158203125,1523.3673095703125,9412.671875,110.63874053955078,3111.26123046875
2023-07-25,825.7109985351562,440.8058776855469,970.6686401367188,1240.4498291015625,1541.9803466796875,9474.615234375,114.23090362548828,3115.294189453125
2023-07-26,822.8395385742188,440.3155517578125,972.3764038085938,1253.694580078125,1521.397705078125,9472.4306640625,114.90143585205078,3105.350341796875
2023-07-27,814.2982177734375,442.66912841796875,966.326171875,1257.6912841796875,1425.427001953125,9469.7607421875,114.75775909423828,3113.231689453125
2023-07-28,799.8680419921875,442.7672119140625,972.1324462890625,1245.93359375,1445.5174560546875,9388.884765625,115.52408599853516,3075.197265625
2023-07-31,803.6154174804688,453.6524963378906,974.181640625,1260.0611572265625,1452.804931640625,9534.95703125,117.96675872802734,3135.73193359375
2023-08-01,808.9933471679688,455.1235046386719,970.5222778320312,1268.8909912109375,1470.679443359375,9433.984375,118.0146484375,3163.776611328125
2023-08-02,798.4080200195312,445.70916748046875,963.1058959960938,1261.130126953125,1462.7518310546875,9372.8662109375,113.94352722167969,3153.32861328125
2023-08-03,792.6407470703125,444.5323791503906,941.6862182617188,1268.0545654296875,1446.846923828125,9353.1669921875,113.22509765625,3116.02685546875
2023-08-04,804.1021728515625,448.16082763671875,947.0533447265625,1281.113525390625,1442.4151611328125,9281.3310546875,113.99142456054688,3155.986572265625
2023-08-07,803.6398315429688,455.8590087890625,952.0789184570312,1294.7298583984375,1503.72021484375,9333.6640625,113.84773254394531,3193.104736328125
2023-08-08,802.9828491210938,445.954345703125,956.2261962890625,1292.12744140625,1476.93310546875,9352.0400390625,113.17720031738281,3180.777587890625
2023-08-09,803.2747802734375,459.8306579589844,957.0133056640625,1296.03125,1511.4510498046875,9274.17578125,115.14091491699219,3173.354248046875
2023-08-10,796.1448364257812,459.8306579589844,948.552001953125,1291.10498046875,1521.9393310546875,9209.982421875,114.94933319091797,3154.65771484375
2023-08-11,787.8468627929688,453.50543212890625,937.4833984375,1275.0718994140625,1522.9732666015625,9170.046875,115.23670959472656,3160.79833984375
2023-08-14,784.0021362304688,444.96734619140625,944.0753173828125,1295.2412109375,1523.3673095703125,9135.5498046875,113.17720031738281,3161.76025390625
2023-08-16,781.714599609375,439.4397888183594,941.0745849609375,1318.43115234375,1546.7568359375,9231.4951171875,111.06979370117188,3169.596435546875
2023-08-17,777.3831176757812,441.8087463378906,936.3027954101562,1311.9715576171875,1549.61279296875,9188.12890625,111.16558837890625,3148.837890625
2023-08-18,774.1953125,433.81353759765625,935.3189086914062,1290.826416015625,1529.079345703125,9267.265625,110.92611694335938,3085.920654296875
2023-08-21,773.5869750976562,443.58544921875,939.7955322265625,1306.25537109375,1515.193359375,9250.361328125,111.97981262207031,3117.58544921875
2023-08-22,770.2774658203125,444.5231628417969,936.6471557617188,1304.7215576171875,1526.9619140625,9302.4013671875,112.60245513916016,3099.714111328125
2023-08-23,772.1755981445312,455.2821350097656,951.2576293945312,1308.6251220703125,1519.0341796875,9409.2744140625,113.94352722167969,3114.469482421875
2023-08-24,768.6227416992188,450.5935974121094,953.3237915039062,1323.171142578125,1518.787841796875,9382.568359375,113.27298736572266,3104.84619140625
2023-08-25,759.9597778320312,444.17767333984375,954.7504272460938,1319.9180908203125,1496.9742431640625,9315.92578125,111.97981262207031,3098.93505859375
2023-08-28,767.868408203125,440.5255432128906,954.89794921875,1315.7821044921875,1525.73095703125,9406.0888671875,112.65035247802734,3093.66552734375
2023-08-29,773.9763793945312,450.1493835449219,952.1431274414062,1317.64111328125,1537.15478515625,9429.1689453125,114.51828002929688,3094.21484375
2023-08-30,768.3307495117188,450.84033203125,943.4359130859375,1333.906494140625,1559.16552734375,9600.822265625,116.96094512939453,3107.778564453125
2023-08-31,764.80224609375,453.9002685546875,943.2882690429688,1334.185302734375,1551.48388671875,9804.0810546875,117.72727966308594,3076.48095703125
2023-09-01,766.3839721679688,467.1268615722656,953.077880859375,1341.9927978515625,1567.78271484375,10124.994140625,121.7026138305664,3097.010009765625
2023-09-04,771.1779174804688,480.35345458984375,951.7495727539062,1361.74365234375,1552.46875,10155.5712890625,126.20478820800781,3133.0283203125
2023-09-05,766.4814453125,479.81060791015625,952.7826538085938,1374.570068359375,1547.2984619140625,10057.2236328125,126.15689086914062,3142.972412109375
2023-09-06,776.507080078125,471.96343994140625,942.0584716796875,1373.222412109375,1553.0596923828125,9975.63671875,124.14529418945312,3143.476318359375
2023-09-07,783.9777221679688,468.95294189453125,950.0770263671875,1362.76611328125,1541.9803466796875,10075.5029296875,124.67212677001953,3166.709228515625
2023-09-08,790.0856323242188,469.98931884765625,954.89794921875,1365.92626953125,1543.753173828125,10125.728515625,124.04949188232422,3154.473876953125
2023-09-11,794.173828125,478.5767822265625,962.4737548828125,1372.292724609375,1558.082275390625,10323.548828125,125.63003540039062,3189.98828125
2023-09-12,796.6559448242188,471.5686340332031,974.5262451171875,1395.2041015625,1534.298828125,10293.90234375,123.5705337524414,3281.775146484375
2023-09-13,800.0626831054688,476.9481201171875,973.8374633789062,1392.6480712890625,1513.61767578125,10264.306640625,124.0973892211914,3269.906494140625
2023-09-14,799.5759887695312,490.9150390625,971.7714233398438,1400.6412353515625,1542.2266845703125,10278.76171875,126.15689086914062,3262.75830078125
2023-09-15,808.7500610351562,490.1253967285156,976.44482421875,1404.96337890625,1576.793701171875,10315.12109375,126.39637756347656,3297.8134765625
2023-09-18,792.83544921875,478.2312927246094,974.2310791015625,1386.5601806640625,1616.53125,10312.033203125,124.95950317382812,3305.008056640625
2023-09-20,761.0304565429688,472.11151123046875,971.2302856445312,1385.1195068359375,1609.1943359375,10140.1845703125,122.9000015258789,3304.916259765625
2023-09-21,755.9932861328125,473.3453369140625,943.8294067382812,1395.8082275390625,1559.21484375,10078.9814453125,122.4210433959961,3285.8994140625
2023-09-22,744.4588623046875,472.6544189453125,934.9745483398438,1390.6031494140625,1582.751953125,10324.8232421875,121.41523742675781,3302.716552734375
2023-09-25,745.1158447265625,463.2773132324219,940.9269409179688,1370.1551513671875,1565.320556640625,10376.814453125,122.03787994384766,3278.429443359375
2023-09-26,748.3523559570312,465.39947509765625,933.400390625,1357.6075439453125,1570.9833984375,10345.89453125,123.47473907470703,3286.265625
2023-09-27,743.0961303710938,468.80487060546875,927.890625,1363.5096435546875,1565.0743408203125,10467.5166015625,122.75630950927734,3289.5654296875
2023-09-28,741.5630493164062,460.8096923828125,927.3987426757812,1337.9031982421875,1532.427734375,10354.419921875,121.463134765625,3241.403564453125
2023-09-29,742.8284301757812,486.2758483886719,936.5487670898438,1334.185302734375,1530.655029296875,10398.7666015625,123.47473907470703,3233.93408203125
2023-10-03,733.9464721679688,473.7402038574219,925.1358032226562,1332.837646484375,1514.060791015625,10140.33203125,122.61262512207031,3220.415283203125
2023-10-04,744.4102172851562,467.27490234375,915.0510864257812,1342.4573974609375,1498.9930419921875,9927.6142578125,120.0262680053711,3242.320068359375
2023-10-05,747.4276123046875,464.4617919921875,925.6768798828125,1360.2098388671875,1514.6024169921875,10006.3125,119.9783706665039,3289.61083984375
2023-10-06,746.6002807617188,466.4852600097656,929.9568481445312,1374.3841552734375,1525.3370361328125,10096.3759765625,120.60101318359375,3318.984375
2023-10-09,737.937255859375,463.72149658203125,923.4632568359375,1371.3634033203125,1492.19775390625,10040.26953125,118.63729095458984,3334.519287109375
2023-10-10,742.1226806640625,474.4311218261719,935.8600463867188,1389.673828125,1514.50390625,10167.8701171875,120.0262680053711,3325.8583984375
2023-10-11,749.3013916015625,477.6390380859375,937.7293701171875,1388.9765625,1532.6739501953125,10204.2294921875,119.69099426269531,3308.444580078125
2023-10-12,754.2898559570312,478.1325988769531,938.86083984375,1362.1153564453125,1542.8668212890625,10369.66015625,120.60101318359375,3246.71923828125
2023-10-13,747.4276123046875,474.38177490234375,935.9583740234375,1330.1885986328125,1538.73046875,10513.3828125,119.78679656982422,3272.65625
2023-10-16,744.4345092773438,477.1455383300781,936.0568237304688,1332.9769287109375,1550.6468505859375,10490.7919921875,121.65471649169922,3229.763671875
2023-10-17,750.0800170898438,478.083251953125,938.5164794921875,1340.6915283203125,1552.6656494140625,10536.16796875,122.03787994384766,3214.183837890625
2023-10-18,739.6406860351562,478.774169921875,928.5302124023438,1338.925537109375,1550.9422607421875,10573.06640625,121.75050354003906,3196.037109375
2023-10-19,737.3045043945312,473.7402038574219,920.6591796875,1332.5123291015625,1545.7227783203125,10556.650390625,120.6968002319336,3175.271240234375
2023-10-20,741.1250610351562,465.6462707519531,917.7075805664062,1326.563720703125,1534.59423828125,10511.5205078125,117.91885375976562,3211.0146484375
2023-10-23,732.9730834960938,450.791015625,914.9527587890625,1309.2760009765625,1541.3896484375,10342.9541015625,114.94933319091797,3133.462646484375
2023-10-25,728.3251953125,455.2327880859375,901.3260498046875,1289.8814697265625,1545.279541015625,10377.4501953125,116.24251556396484,3115.039306640625
2023-10-26,712.2158813476562,450.74163818359375,893.9962768554688,1279.9014892578125,1483.2359619140625,10216.0400390625,114.85354614257812,3066.017822265625
2023-10-27,715.0143432617188,450.24810791015625,898.0301513671875,1299.57861328125,1487.8646240234375,10349.86328125,114.85354614257812,3079.066162109375
2023-10-30,722.7770385742188,450.74163818359375,909.9841918945312,1296.4716796875,1475.06201171875,10190.1171875,114.13511657714844,3104.4267578125
2023-10-31,718.5914916992188,453.55474853515625,900.588134765625,1288.3277587890625,1436.45703125,10184.8251953125,113.75194549560547,3095.421630859375
2023-11-01,717.6181030273438,456.71337890625,899.30908203125,1274.9117431640625,1432.5177001953125,10023.5595703125,111.69243621826172,3060.412841796875
2023-11-02,718.7131958007812,468.0645751953125,905.114013671875,1289.9755859375,1447.3885498046875,10097.896484375,113.12930297851562,3087.4736328125
2023-11-03,722.1199951171875,469.0516357421875,918.7406616210938,1307.7696533203125,1446.69921875,10071.140625,112.36297607421875,3079.019775390625
2023-11-06,727.3518676757812,475.7143249511719,930.2027587890625,1321.185791015625,1465.7061767578125,10079.51953125,114.37458801269531,3105.988525390625
2023-11-07,723.8233032226562,478.2806396484375,932.8099975585938,1322.127197265625,1457.2860107421875,10048.6005859375,114.61407470703125,3096.9833984375
2023-11-08,725.9161376953125,481.7353515625,920.6591796875,1309.60546875,1464.8199462890625,10116.2216796875,114.0393295288086,3107.183349609375
2023-11-09,723.0447387695312,478.18194580078125,922.2333374023438,1294.353515625,1528.488525390625,10192.71484375,114.61407470703125,3075.849853515625
2023-11-10,725.891845703125,475.07269287109375,923.4632568359375,1288.75146484375,1500.9627685546875,10181.39453125,114.99723815917969,3062.985595703125
2023-11-13,724.5778198242188,481.1925048828125,919.3801879882812,1293.176513671875,1516.8675537109375,10190.8037109375,115.9072494506836,3061.239990234375
2023-11-15,732.1699829101562,498.8608703613281,925.9229125976562,1327.96435546875,1520.7083740234375,10247.302734375,118.8288803100586,3128.087158203125
2023-11-16,734.0924072265625,497.7751159667969,920.9051513671875,1360.3515625,1545.673583984375,10275.1845703125,119.4515151977539,3214.047119140625
2023-11-17,732.5106811523438,491.3098449707031,906.9833374023438,1353.4315185546875,1560.4951171875,10313.40625,119.93047332763672,3218.273681640625
2023-11-20,732.559326171875,490.8656921386719,906.58984375,1352.5369873046875,1528.6361083984375,10355.302734375,119.11624908447266,3234.0322265625
2023-11-21,738.7646484375,500.2921447753906,911.164794921875,1354.7967529296875,1536.071533203125,10324.8232421875,120.936279296875,3225.394775390625
2023-11-22,736.1365966796875,493.77752685546875,907.8688354492188,1372.4967041015625,1520.0189208984375,10285.033203125,120.79258728027344,3243.725830078125
2023-11-23,740.3950805664062,495.4555358886719,908.1148071289062,1364.4468994140625,1522.382568359375,10279.1044921875,121.36734008789062,3223.60302734375
2023-11-24,745.6511840820312,501.2298278808594,914.41162109375,1353.29052734375,1529.6209716796875,10305.712890625,120.6489028930664,3176.60302734375
2023-11-28,743.97216796875,508.92889404296875,910.5745239257812,1358.2801513671875,1542.2760009765625,10327.1748046875,121.51102447509766,3188.5947265625
2023-11-29,758.8160400390625,510.7550048828125,924.4470825195312,1374.191162109375,1594.5205078125,10387.6435546875,122.37315368652344,3228.656982421875
2023-11-30,758.645751953125,508.978271484375,919.8721313476562,1370.0018310546875,1622.735595703125,10396.9052734375,122.51683807373047,3204.628662109375
2023-12-01,756.9910278320312,510.50823974609375,931.4326171875,1367.318359375,1600.8233642578125,10374.3642578125,124.52845001220703,3226.72705078125
2023-12-04,783.2720336914062,512.5316772460938,975.2149658203125,1378.663330078125,1631.6973876953125,10387.83984375,125.4863510131836,3227.4619140625
2023-12-05,790.2315673828125,513.91357421875,997.106201171875,1368.871826171875,1660.4542236328125,10507.845703125,126.06110382080078,3245.058349609375
2023-12-06,792.22705078125,516.233154296875,987.0706176757812,1388.0311279296875,1676.555908203125,10413.6142578125,126.30059051513672,3311.67626953125
2023-12-07,793.5167236328125,509.3730773925781,982.88916015625,1380.1226806640625,1666.9539794921875,10483.099609375,124.52845001220703,3321.599853515625
2023-12-08,804.5888061523438,513.617431640625,994.5480346679688,1403.8951416015625,1643.2198486328125,10406.55859375,123.76212310791016,3332.443115234375
2023-12-11,803.5181274414062,515.6409912109375,1000.697265625,1401.400146484375,1627.1180419921875,10331.2919921875,124.57634735107422,3347.32763671875
2023-12-12,795.5364990234375,520.6256103515625,999.31982421875,1389.6787109375,1610.5731201171875,10132.001953125,124.6242446899414,3374.158935546875
2023-12-13,793.7357788085938,525.9556884765625,997.5488891601562,1364.211669921875,1640.8563232421875,10172.8193359375,125.86951446533203,3301.982177734375
2023-12-14,803.1044921875,536.0730590820312,1016.9803466796875,1413.5924072265625,1677.6884765625,10146.505859375,126.44426727294922,3369.7021484375
2023-12-15,806.21923828125,550.0400390625,1020.669921875,1486.0396728515625,1698.7635498046875,10081.0390625,130.70697021484375,3547.732177734375
2023-12-18,805.8055419921875,559.0716552734375,1004.9771118164062,1472.8118896484375,1684.8284912109375,10113.576171875,130.85067749023438,3546.078369140625
2023-12-19,804.44287109375,557.5416870117188,999.0739135742188,1467.1158447265625,1673.55224609375,10029.29296875,129.70115661621094,3506.5673828125
2023-12-20,806.438232421875,541.1071166992188,990.4158325195312,1446.497314453125,1621.94775390625,9879.9853515625,124.28897094726562,3473.349853515625
2023-12-21,820.892822265625,549.052978515625,988.2020874023438,1446.1207275390625,1609.046630859375,9812.9501953125,125.4863510131836,3480.195556640625
2023-12-22,813.1788940429688,563.0692138671875,978.2649536132812,1471.446533203125,1609.4405517578125,10013.1728515625,127.92903900146484,3513.734375
2023-12-26,818.8244018554688,572.3475952148438,979.0520629882812,1453.6055908203125,1637.0155029296875,10065.603515625,129.50958251953125,3487.592529296875
2023-12-27,828.9718017578125,597.7644653320312,986.0867919921875,1475.4007568359375,1662.3253173828125,10083.09765625,131.4254150390625,3501.972900390625
2023-12-28,829.9208374023438,606.3518676757812,989.6779174804688,1471.2113037109375,1708.119384765625,10066.5341796875,132.33541870117188,3491.589599609375
2023-12-29,831.8676147460938,606.8947143554688,980.52783203125,1452.6170654296875,1703.1461181640625,10096.6708984375,133.72439575195312,3485.616943359375
2024-01-01,826.4410400390625,602.5023803710938,983.28271484375,1460.5726318359375,1677.4423828125,10078.0009765625,133.96388244628906,3501.880859375
2024-01-02,826.927734375,609.0169677734375,966.4093017578125,1444.6143798828125,1631.0572509765625,9994.1591796875,133.72439575195312,3476.24462890625
2024-01-03,814.1766357421875,585.3768310546875,968.1802368164062,1402.8125,1630.1217041015625,9876.4580078125,129.65328979492188,3392.21435546875
2024-01-04,822.91259765625,582.85986328125,971.2302856445312,1424.18408203125,1616.7774658203125,9815.3515625,128.59957885742188,3369.2890625
2024-01-05,818.7027587890625,579.4050903320312,977.6746215820312,1442.8726806640625,1617.0728759765625,9817.0185546875,128.0248260498047,3434.6201171875
2024-01-08,809.577392578125,570.1760864257812,966.163330078125,1433.6932373046875,1591.6153564453125,9748.12109375,126.44426727294922,3379.85595703125
2024-01-09,803.2747802734375,568.498046875,963.9495849609375,1439.812744140625,1605.1566162109375,9823.9755859375,128.0248260498047,3390.5146484375
2024-01-10,805.92724609375,572.5449829101562,977.0350952148438,1430.962890625,1608.0126953125,9810.353515625,128.45590209960938,3411.786865234375
2024-01-11,802.5447998046875,569.4851684570312,975.165771484375,1406.7667236328125,1603.9256591796875,9811.2353515625,129.2222137451172,3432.460693359375
2024-01-12,798.74853515625,574.5191650390625,987.3165893554688,1518.379638671875,1599.789306640625,9766.693359375,129.60537719726562,3567.763427734375
2024-01-15,814.1279907226562,567.2149047851562,993.5641479492188,1555.4271240234375,1610.7208251953125,9885.5224609375,129.2222137451172,3587.059326171875
2024-01-16,817.2183837890625,572.051513671875,992.777099609375,1536.07958984375,1595.75146484375,9980.2421875,131.47329711914062,3548.008056640625
2024-01-17,748.279296875,553.001220703125,965.9173583984375,1544.223388671875,1573.4453125,9851.025390625,126.10900115966797,3569.417236328125
2024-01-18,723.2879638671875,547.720458984375,970.443115234375,1546.48291015625,1592.6986083984375,9726.3642578125,125.4863510131836,3585.957275390625
2024-01-19,715.744384765625,549.8919677734375,983.0859375,1562.111572265625,1630.417236328125,9837.3046875,128.59957885742188,3648.3662109375
2024-01-23,694.6708984375,534.3951416015625,1012.45458984375,1546.0594482421875,1570.9833984375,9663.59375,124.6242446899414,3569.90380859375
2024-01-24,708.5657958984375,557.8378295898438,983.0859375,1577.36376953125,1603.3837890625,9788.79296875,129.46168518066406,3554.68310546875
2024-01-25,698.3453979492188,559.861328125,993.66259765625,1571.4322509765625,1610.6715087890625,9683.7333984375,128.12060546875,3525.53759765625
2024-01-29,707.9573974609375,560.55224609375,1000.008544921875,1559.663818359375,1615.103271484375,9791.9296875,129.3179931640625,3516.932373046875
2024-01-30,702.9202270507812,561.884765625,1000.5005493164062,1554.815185546875,1595.75146484375,9752.97265625,129.0306396484375,3516.515625
2024-01-31,711.80224609375,571.8540649414062,1011.569091796875,1563.7122802734375,1626.4779052734375,9983.5263671875,130.22802734375,3530.764892578125
2024-02-01,713.651611328125,563.85888671875,1008.6174926757812,1560.0875244140625,1626.0841064453125,10425.5712890625,129.1264190673828,3566.110107421875
2024-02-02,703.8206176757812,575.950439453125,1007.4859619140625,1594.263427734375,1635.538330078125,10442.7216796875,132.8622589111328,3669.87890625
2024-02-05,703.1878662109375,572.39697265625,1006.9940795898438,1588.4732666015625,1677.6884765625,10220.3505859375,135.5923309326172,3676.355712890625
2024-02-06,702.8228759765625,577.3323364257812,1009.8472900390625,1628.2508544921875,1701.4227294921875,10628.3408203125,138.5618438720703,3826.89599609375
2024-02-07,695.9362182617188,584.587158203125,1005.6658325195312,1594.6400146484375,1694.87353515625,10717.376953125,138.32235717773438,3778.22705078125
2024-02-08,682.8444213867188,593.5200805664062,973.3455810546875,1593.08642578125,1660.3065185546875,10529.40625,137.6039276123047,3825.13818359375
2024-02-09,683.112060546875,583.6494140625,994.4005126953125,1571.667724609375,1621.4061279296875,10518.576171875,135.35284423828125,3824.76806640625
2024-02-12,676.4932250976562,574.9140014648438,980.035888671875,1581.7886962890625,1635.24267578125,10495.888671875,131.6169891357422,3812.73974609375
2024-02-13,678.6588745117188,503.50006103515625,1003.3536987304688,1585.978271484375,1621.7508544921875,10578.9951171875,132.0480499267578,3839.386962890625
2024-02-14,673.5974731445312,501.2298278808594,1006.2069702148438,1568.7021484375,1631.8944091796875,10807.78515625,135.25704956054688,3793.6787109375
2024-02-15,688.197998046875,506.55999755859375,1000.2545166015625,1578.258056640625,1738.2548828125,10868.8408203125,135.25704956054688,3796.54736328125
2024-02-16,691.0451049804688,509.0276184082031,1006.7481079101562,1602.07763671875,1807.6846923828125,11153.1982421875,136.31076049804688,3819.771484375
2024-02-19,689.682373046875,505.6716003417969,1026.91748046875,1600.2886962890625,1820.4873046875,11254.0927734375,135.97549438476562,3797.102294921875
2024-02-20,707.7870483398438,504.98065185546875,1031.8367919921875,1586.6373291015625,1825.5098876953125,11217.9296875,135.11337280273438,3729.4189453125
2024-02-21,700.4137573242188,505.1780700683594,1034.985107421875,1558.67529296875,1831.418701171875,11236.94140625,137.84339904785156,3693.195068359375
2024-02-22,690.874755859375,514.4071655273438,1045.5618896484375,1582.9654541015625,1881.3489990234375,11425.0595703125,139.7592315673828,3781.650390625
2024-02-23,691.3857421875,511.6433410644531,1044.1845703125,1578.728759765625,1900.6514892578125,11305.2998046875,139.3281707763672,3749.265869140625
2024-02-26,692.2131958007812,498.5154113769531,1037.1988525390625,1563.006103515625,1900.5037841796875,11238.0693359375,136.64601135253906,3702.031982421875
2024-02-27,691.1668090820312,503.055908203125,1043.1021728515625,1566.254150390625,1920.988037109375,11271.0478515625,138.1307830810547,3797.657470703125
2024-02-28,685.9348754882812,497.8738098144531,1029.327880859375,1573.45654296875,1872.7811279296875,10930.142578125,134.82598876953125,3811.120361328125
2024-02-29,683.0147705078125,497.3309326171875,1035.231201171875,1575.951416015625,1903.064453125,11062.9853515625,134.92178344726562,3789.052978515625
2024-03-01,696.3256225585938,512.3836059570312,1069.37158203125,1557.8748779296875,1942.9986572265625,11388.9462890625,143.63877868652344,3788.35888671875
2024-03-04,697.2745971679688,518.157958984375,1074.733642578125,1541.39892578125,1891.88671875,11362.681640625,146.6562042236328,3775.728759765625
2024-03-05,701.2411499023438,515.3447875976562,1070.503173828125,1512.495361328125,1909.810302734375,11437.6044921875,145.4588165283203,3712.256103515625
2024-03-06,702.0928344726562,520.132080078125,1079.4071044921875,1522.8988037109375,1940.733642578125,11336.1220703125,145.21932983398438,3760.55419921875
2024-03-07,703.7962036132812,529.7559204101562,1070.4046630859375,1521.8631591796875,1868.743408203125,11280.259765625,150.63153076171875,3801.543701171875
2024-03-11,694.8899536132812,526.7947387695312,1061.3037109375,1506.940673828125,1865.5919189453125,11168.0458984375,146.991455078125,3814.26611328125
2024-03-12,710.3421630859375,522.106201171875,1059.483642578125,1518.5679931640625,1866.3798828125,11280.11328125,146.08145141601562,3878.9423828125
2024-03-13,710.755859375,500.440185546875,1066.4691162109375,1517.108642578125,1825.55908203125,11162.7548828125,137.6039276123047,3838.92431640625
2024-03-14,708.3467407226562,518.4541015625,1066.124755859375,1556.556884765625,1861.8497314453125,11176.9150390625,136.45443725585938,3893.145263671875
2024-03-15,706.9840698242188,525.6596069335938,1062.92724609375,1538.38623046875,1772.181884765625,11247.52734375,135.7360076904297,3903.924072265625
2024-03-18,703.77197265625,524.2777709960938,1063.7635498046875,1508.87060546875,1827.87353515625,11403.9892578125,143.3992919921875,3842.16259765625
2024-03-19,705.3779296875,526.7454223632812,1066.4691162109375,1470.08154296875,1815.907958984375,11365.5224609375,142.48928833007812,3680.056640625
2024-03-20,696.4716796875,521.0203857421875,1067.0103759765625,1463.9617919921875,1816.4002685546875,11702.75390625,139.51976013183594,3674.134521484375
2024-03-21,703.6259155273438,532.7171020507812,1064.3538818359375,1463.7265625,1837.524658203125,11670.4130859375,143.78245544433594,3676.03173828125
2024-03-22,702.2144775390625,540.6629638671875,1072.716796875,1420.559326171875,1850.278076171875,12091.38671875,145.41091918945312,3618.61865234375
2024-03-26,693.7218627929688,551.4219360351562,1066.22314453125,1405.307373046875,1835.6534423828125,12005.9765625,145.9856414794922,3587.715087890625
2024-03-27,701.1681518554688,550.4348754882812,1066.2724609375,1397.0223388671875,1852.5924072265625,12260.58984375,146.2730255126953,3553.85009765625
2024-03-28,704.6722412109375,553.001220703125,1075.66845703125,1410.391357421875,1892.1820068359375,12348.7919921875,149.29046630859375,3586.6044921875
2024-04-01,715.67138671875,561.2431640625,1081.916015625,1407.9434814453125,1886.864013671875,12318.65625,156.28318786621094,3624.03173828125
2024-04-02,720.367919921875,563.8095703125,1063.7635498046875,1396.080810546875,1942.0137939453125,12301.849609375,157.72006225585938,3593.544189453125
2024-04-03,721.414306640625,569.1396484375,1059.827880859375,1394.009521484375,1959.1005859375,12179.736328125,156.76214599609375,3652.298583984375
2024-04-04,743.461181640625,570.2748413085938,1061.451416015625,1399.70556640625,1972.297119140625,12316.353515625,156.52267456054688,3704.113525390625
2024-04-05,754.1439208984375,562.6743774414062,1065.9281005859375,1392.55029296875,1982.736328125,12173.611328125,156.4747772216797,3681.861083984375
2024-04-08,752.7081298828125,569.3370971679688,1069.6175537109375,1390.2906494140625,2046.5526123046875,12608.2568359375,158.24691772460938,3675.661376953125
2024-04-09,753.6572875976562,580.984375,1089.1966552734375,1407.3785400390625,2059.157958984375,12630.7001953125,159.0132598876953,3651.604248046875
2024-04-10,747.7196655273438,595.2474365234375,1091.5087890625,1418.62939453125,2044.6812744140625,12429.5478515625,158.10324096679688,3686.85693359375
2024-04-12,739.2512817382812,590.9044189453125,1086.58935546875,1397.8697509765625,2039.5108642578125,12021.6572265625,156.61846923828125,3702.35498046875
2024-04-15,727.4491577148438,604.7726440429688,1060.95947265625,1382.240966796875,2022.276611328125,12174.8359375,154.0800018310547,3646.654052734375
2024-04-16,734.5304565429688,600.9723510742188,1049.841796875,1331.68310546875,2000.462890625,12253.0927734375,153.3136749267578,3583.36669921875
2024-04-18,727.4491577148438,604.8712768554688,1038.4288330078125,1336.202392578125,1994.2093505859375,12157.3427734375,153.3136749267578,3573.37353515625
2024-04-19,745.2619018554688,606.7960205078125,1050.03857421875,1328.67041015625,2051.279541015625,12457.1845703125,155.2773895263672,3540.2490234375
2024-04-22,735.9661865234375,610.546875,1069.125732421875,1348.9122314453125,2058.911865234375,12530.24609375,155.03793334960938,3575.779541015625
2024-04-23,733.7274169921875,603.8842163085938,1072.6676025390625,1357.997802734375,2031.287841796875,12736.7890625,154.36737060546875,3585.124267578125
2024-04-24,735.7227783203125,627.8698120117188,1079.062744140625,1347.029541015625,2027.2008056640625,12685.630859375,158.5821990966797,3544.736328125
2024-04-25,735.260498046875,638.4313354492188,1095.78857421875,1354.27880859375,2065.01806640625,12664.51171875,160.64169311523438,3564.3056640625
2024-04-26,734.7981567382812,640.8989868164062,1090.032958984375,1346.5587158203125,2013.8564453125,12449.736328125,158.82167053222656,3535.761474609375
2024-04-29,744.3858642578125,641.6393432617188,1141.4403076171875,1350.79541015625,2030.7462158203125,12436.505859375,160.3543243408203,3580.96044921875
2024-04-30,739.8109741210938,636.0625,1131.8475341796875,1337.4263916015625,2123.614501953125,12561.6083984375,158.05532836914062,3535.11376953125
2024-05-02,745.7242431640625,633.150634765625,1121.0740966796875,1331.68310546875,2151.977294921875,12549.7001953125,160.30642700195312,3574.576171875
2024-05-03,739.567626953125,638.7274780273438,1123.63232421875,1333.425048828125,2159.708251953125,12242.75390625,159.49220275878906,3556.1630859375
2024-05-06,741.0520629882812,630.534912109375,1127.813720703125,1342.4632568359375,2191.173095703125,12190.9580078125,160.54591369628906,3628.01025390625
2024-05-07,733.021728515625,612.175537109375,1113.6458740234375,1356.632568359375,2158.23095703125,12117.2099609375,157.33689880371094,3681.5830078125
2024-05-08,721.5845947265625,625.303466796875,1104.8895263671875,1343.7813720703125,2149.26904296875,12293.1259765625,159.06114196777344,3679.732666015625
2024-05-09,704.4776000976562,611.3859252929688,1097.7071533203125,1355.3145751953125,2178.96142578125,12255.00390625,155.08580017089844,3664.234130859375
2024-05-10,709.3616333007812,617.5056762695312,1099.035400390625,1341.521728515625,2159.75732421875,12422.4423828125,155.42108154296875,3602.889404296875
2024-05-13,717.9208984375,625.303466796875,1109.808837890625,1340.156494140625,2151.091064453125,12420.8251953125,156.95375061035156,3652.760986328125
2024-05-14,720.7328491210938,638.2833251953125,1102.47900390625,1341.3333740234375,2235.440673828125,12558.3740234375,158.0074462890625,3609.6435546875
2024-05-15,709.6575317382812,645.2421264648438,1106.2176513671875,1336.861328125,2267.348876953125,12512.41015625,158.63009643554688,3590.398193359375
2024-05-16,720.3875122070312,644.8966064453125,1112.8096923828125,1368.3070068359375,2335.74462890625,12248.1435546875,158.91744995117188,3635.64599609375
2024-05-17,722.286865234375,646.969482421875,1112.2684326171875,1359.78662109375,2476.426025390625,12389.1220703125,160.30642700195312,3573.343017578125
2024-05-21,719.6722412109375,684.6258544921875,1102.8724365234375,1350.2303466796875,2484.353515625,12224.279296875,167.01181030273438,3560.38818359375
2024-05-22,719.8695678710938,675.6929931640625,1093.1812744140625,1369.6722412109375,2482.7783203125,12281.169921875,166.00599670410156,3571.385498046875
2024-05-23,736.3468017578125,668.043212890625,1116.2039794921875,1386.242431640625,2569.58984375,12676.6650390625,168.1134033203125,3628.65673828125
2024-05-24,748.4827270507812,664.5391845703125,1113.695068359375,1379.3695068359375,2540.5869140625,12740.90625,167.4907684326172,3587.6953125
2024-05-27,753.6627807617188,669.0796508789062,1111.579833984375,1385.2537841796875,2510.40234375,12648.4384765625,168.1134033203125,3585.412109375
2024-05-28,755.0441284179688,672.4849853515625,1108.775634765625,1381.205322265625,2514.046142578125,12562.685546875,167.5386505126953,3578.747802734375
2024-05-29,744.0921630859375,696.1744995117188,1084.2281494140625,1366.0474853515625,2495.1865234375,12533.333984375,166.916015625,3544.963623046875
2024-05-30,747.3234252929688,686.1558227539062,1095.7393798828125,1343.9224853515625,2455.646240234375,12346.490234375,157.24111938476562,3482.008056640625
2024-05-31,755.5620727539062,680.4308471679688,1102.970947265625,1351.0770263671875,2468.202880859375,12151.7568359375,160.16273498535156,3421.2880859375
2024-06-03,775.6160278320312,686.9454956054688,1141.292724609375,1350.11669921875,2594.01318359375,12227.0732421875,166.916015625,3451.01953125
2024-06-04,731.684814453125,640.6522827148438,1054.170654296875,1338.3526611328125,2533.8408203125,11932.9638671875,152.25997924804688,3462.343017578125
2024-06-05,765.5520629882812,686.2545166015625,1090.7708740234375,1373.3564453125,2699.33984375,12252.994140625,162.07855224609375,3491.654052734375
2024-06-06,769.4493408203125,668.7341918945312,1092.49267578125,1413.833984375,2658.86376953125,12420.482421875,164.80860900878906,3569.89453125
2024-06-07,776.183349609375,671.5473022460938,1103.6103515625,1472.749755859375,2814.0712890625,12555.1396484375,171.3702850341797,3629.1220703125
2024-06-10,770.2387084960938,667.6484375,1105.676513671875,1440.2427978515625,2764.9287109375,12463.65234375,172.7017822265625,3596.269775390625
2024-06-11,771.9653930664062,664.2430419921875,1100.1668701171875,1436.4014892578125,2792.503662109375,12606.8369140625,173.69802856445312,3590.11865234375
2024-06-12,776.5780029296875,665.1807861328125,1101.4951171875,1426.2701416015625,2745.232421875,12592.8212890625,174.5601348876953,3571.0595703125
2024-06-13,779.8340454101562,671.8927612304688,1089.49169921875,1434.6728515625,2818.256591796875,12590.37109375,174.87625122070312,3614.39697265625
2024-06-14,787.80126953125,674.7552490234375,1087.8192138671875,1429.8233642578125,2884.14111328125,12588.7548828125,175.44142150878906,3571.43212890625
2024-06-18,793.1786499023438,669.968017578125,1104.7418212890625,1438.7542724609375,2916.935546875,12310.1796875,173.49685668945312,3555.635009765625
2024-06-19,817.869873046875,653.82958984375,1125.993408203125,1451.382568359375,2889.3115234375,11997.6953125,172.44317626953125,3543.146484375
2024-06-20,823.5431518554688,667.7471313476562,1138.144287109375,1455.27197265625,2827.612548828125,11906.9443359375,174.6080322265625,3529.678955078125
2024-06-21,821.7671508789062,675.6436157226562,1139.9644775390625,1471.885498046875,2796.8369140625,11957.90625,175.83932495117188,3551.580810546875
2024-06-24,825.0478515625,676.3839111328125,1151.229736328125,1466.5556640625,2871.535400390625,11940.1669921875,173.90444946289062,3557.218994140625
2024-06-25,844.2631225585938,676.630615234375,1178.630615234375,1480.7684326171875,2865.232421875,11874.7001953125,171.67640686035156,3577.396728515625
2024-06-26,839.40380859375,665.970458984375,1198.357421875,1479.568115234375,2808.21142578125,11954.720703125,168.62750244140625,3593.61376953125
2024-06-27,836.7644653320312,676.3839111328125,1200.2266845703125,1510.922607421875,2845.0927734375,11935.6103515625,170.19105529785156,3666.588134765625
2024-06-28,830.6718139648438,684.5764770507812,1180.254150390625,1504.5843505859375,2823.13134765625,11793.6025390625,170.04446411132812,3638.628662109375
2024-07-01,841.2291259765625,680.9243774414062,1192.3065185546875,1527.68017578125,2832.19189453125,11866.9091796875,170.1031036376953,3707.642578125
2024-07-02,853.7597045898438,685.760986328125,1171.399169921875,1556.7301025390625,2821.654052734375,11802.177734375,170.5623779296875,3744.1767578125
2024-07-03,872.5310668945312,682.7011108398438,1182.2218017578125,1562.8280029296875,2834.260009765625,11881.6103515625,172.35067749023438,3695.5732421875
2024-07-04,852.0578002929688,682.8984985351562,1213.115478515625,1585.155517578125,2858.732666015625,11848.2392578125,172.2725067138672,3747.485107421875
2024-07-05,813.0598754882812,690.1040649414062,1213.509033203125,1582.082275390625,2857.6416015625,11862.4013671875,170.728515625,3738.95751953125
2024-07-08,806.7698974609375,688.1793212890625,1215.1324462890625,1595.718994140625,2828.624755859375,11783.556640625,168.3538818359375,3721.622314453125
2024-07-09,807.3372192382812,697.8524780273438,1228.1195068359375,1591.3975830078125,2902.18359375,12571.6044921875,167.88482666015625,3714.446044921875
2024-07-10,802.2066040039062,684.3297119140625,1223.15087890625,1582.8507080078125,2710.225830078125,12517.7998046875,164.15188598632812,3643.28857421875
2024-07-11,800.1345825195312,687.2908935546875,1218.4775390625,1587.1240234375,2676.54638671875,12461.3505859375,165.07046508789062,3656.84912109375
2024-07-12,800.5292358398438,683.0958862304688,1213.01708984375,1643.8311767578125,2682.3994140625,12311.69921875,164.845703125,3899.39990234375
2024-07-15,800.2332763671875,691.041748046875,1210.1146240234375,1639.317626953125,2709.283447265625,12391.5224609375,162.95968627929688,3885.65283203125
2024-07-16,799.073974609375,681.862060546875,1219.9041748046875,1657.563720703125,2734.778564453125,12387.2109375,163.26263427734375,3894.2734375
2024-07-18,796.6319580078125,681.0231323242188,1230.1365966796875,1688.2940673828125,2796.978759765625,12391.6201171875,162.5688018798828,4022.049560546875
2024-07-19,792.9320068359375,654.4217529296875,1228.5130615234375,1721.8092041015625,2727.387939453125,12274.26171875,154.174560546875,4019.1064453125
2024-07-22,810.3218994140625,663.6014404296875,1221.1341552734375,1738.9990234375,2782.39599609375,12388.8759765625,156.6664581298828,4005.047607421875
2024-07-23,798.407958984375,645.044677734375,1206.96630859375,1764.015380859375,2798.86376953125,12376.919921875,156.373291015625,4019.060546875
2024-07-24,791.3286743164062,643.1692504882812,1203.2767333984375,1761.182373046875,2783.14013671875,12237.951171875,156.65667724609375,4022.70361328125
2024-07-25,797.5199584960938,638.1845703125,1178.58154296875,1752.4434814453125,2788.992919921875,12259.4638671875,153.80322265625,4037.883056640625
2024-07-26,798.2846069335938,658.9622192382812,1187.7314453125,1804.3489990234375,2864.7841796875,12410.8779296875,158.8456268310547,4098.93017578125
2024-07-29,791.822021484375,658.221923828125,1193.142822265625,1796.8583984375,2909.623779296875,12496.9736328125,159.1583251953125,4092.62451171875
2024-07-30,797.001953125,651.9541015625,1189.9451904296875,1802.66845703125,2898.810791015625,12616.6376953125,160.33099365234375,4077.91162109375
2024-07-31,797.1005859375,660.9363403320312,1195.307373046875,1794.121337890625,2884.624755859375,12853.9521484375,161.56227111816406,4096.59521484375
2024-08-01,808.471923828125,664.7859497070312,1190.584716796875,1779.092529296875,2805.857421875,13092.3466796875,159.34400939941406,4107.5712890625
2024-08-02,818.5111694335938,639.6651611328125,1177.2532958984375,1748.9383544921875,2727.735107421875,12590.1328125,154.6143035888672,4001.030517578125
2024-08-05,797.1005859375,606.3518676757812,1153.689453125,1682.3880615234375,2657.5986328125,12070.208984375,146.40574645996094,3881.458740234375
2024-08-06,789.922607421875,602.4036254882812,1148.0322265625,1681.619873046875,2611.96533203125,12001.2060546875,146.89434814453125,3896.545654296875
2024-08-07,800.9238891601562,615.6303100585938,1153.5418701171875,1720.5609130859375,2659.483642578125,12239.0322265625,150.35366821289062,3923.8701171875
2024-08-08,810.3958740234375,606.1051025390625,1145.8184814453125,1673.9853515625,2661.566650390625,12088.0166015625,146.85525512695312,3897.806396484375
2024-08-09,814.0958251953125,618.365234375,1152.70556640625,1700.4901123046875,2727.239013671875,12093.3095703125,148.3503875732422,3950.306396484375
2024-08-12,818.9798583984375,624.7682495117188,1163.8199462890625,1726.082763671875,2695.990234375,12141.833984375,148.5946807861328,3919.385498046875
2024-08-13,790.9092407226562,616.8761596679688,1159.4039306640625,1726.130615234375,2696.38720703125,12045.873046875,145.48716735839844,3920.6005859375
2024-08-14,793.1786499023438,616.92578125,1152.7552490234375,1750.906982421875,2723.370361328125,12074.9580078125,142.8389129638672,4012.427001953125
2024-08-16,805.1666259765625,629.5333251953125,1178.1591796875,1785.1904296875,2817.8115234375,12082.5263671875,146.11257934570312,4125.2734375
2024-08-19,804.895263671875,654.053466796875,1166.8961181640625,1790.8084716796875,2743.111572265625,12019.7060546875,150.45140075683594,4194.35400390625
2024-08-20,807.9292602539062,668.001220703125,1170.4189453125,1797.9146728515625,2749.212646484375,12084.158203125,150.42205810546875,4225.4609375
2024-08-21,802.0586547851562,680.6087036132812,1165.8541259765625,1798.3948974609375,2747.32763671875,12090.0947265625,148.45787048339844,4251.80419921875
2024-08-22,804.77197265625,680.55908203125,1181.979736328125,1805.6453857421875,2711.168212890625,12144.900390625,150.62728881835938,4205.5634765625
2024-08-23,801.6885986328125,680.1123657226562,1194.2847900390625,1788.215576171875,2737.0107421875,12170.5732421875,150.6859130859375,4169.9716796875
2024-08-26,809.0392456054688,706.6676025390625,1204.009765625,1801.7081298828125,2770.839111328125,12112.69921875,152.1517333984375,4205.98486328125
2024-08-27,807.9539184570312,698.37841796875,1216.9598388671875,1824.707763671875,2758.636962890625,12363.08984375,151.1745147705078,4201.0341796875
2024-08-28,807.6332397460938,699.9171752929688,1214.47900390625,1862.1602783203125,2775.699951171875,12225.181640625,150.1973114013672,4209.34716796875
2024-08-29,808.3485717773438,695.4002685546875,1212.5439453125,1856.6385498046875,2735.621826171875,12320.451171875,149.48394775390625,4214.71826171875
2024-08-30,807.5346069335938,696.2440795898438,1219.7879638671875,1866.5777587890625,2783.040771484375,12270.1953125,149.2787322998047,4253.90673828125
2024-09-02,802.6258544921875,678.921142578125,1220.5322265625,1886.5526123046875,2754.8671875,12294.333984375,149.39601135253906,4223.35888671875
2024-09-03,807.756591796875,673.9575805664062,1238.1463623046875,1864.2249755859375,2762.65478515625,12264.357421875,148.68263244628906,4215.23291015625
2024-09-04,809.951904296875,661.9456176757812,1226.88330078125,1846.1708984375,2727.685791015625,12204.1591796875,147.73472595214844,4184.31201171875
2024-09-05,811.7525024414062,665.0726928710938,1226.486328125,1856.4464111328125,2701.39697265625,12166.912109375,148.26243591308594,4181.2294921875
2024-09-06,807.5592041015625,662.243408203125,1198.899169921875,1826.3883056640625,2676.59619140625,12055.6669921875,147.77383422851562,4163.29345703125
2024-09-09,812.2705688476562,653.7556762695312,1225.5435791015625,1819.4739990234375,2687.260498046875,12015.69921875,146.06370544433594,4156.5673828125
2024-09-10,814.1698608398438,654.6987915039062,1227.8260498046875,1836.423828125,2668.560546875,12132.08984375,146.0148468017578,4211.02880859375
2024-09-11,810.9879150390625,642.9846801757812,1226.88330078125,1834.35888671875,2633.095458984375,12111.51171875,144.7933349609375,4184.40576171875
2024-09-12,822.1865234375,671.2772216796875,1242.5623779296875,1873.06005859375,2719.054931640625,12268.0673828125,148.281982421875,4220.23046875
2024-09-13,821.8658447265625,668.3486938476562,1240.7760009765625,1866.9619140625,2717.269287109375,12184.17578125,149.99209594726562,4224.8076171875
2024-09-16,824.3324584960938,680.1620483398438,1253.1802978515625,1872.867919921875,2735.42333984375,12157.416015625,150.69569396972656,4216.0732421875
2024-09-17,823.2718505859375,678.0277099609375,1258.39013671875,1875.07666015625,2765.43212890625,12114.62890625,149.33737182617188,4208.9736328125
2024-09-18,836.0984497070312,680.2612915039062,1278.485107421875,1817.0732421875,2785.818603515625,12073.423828125,147.16796875,4059.97607421875
2024-09-19,842.8571166992188,679.2189331054688,1282.107177734375,1819.041748046875,2775.203857421875,12219.24609375,146.13211059570312,4013.26806640625
2024-09-20,858.989013671875,689.3447265625,1328.201416015625,1830.1336669921875,2927.331787109375,12479.4306640625,148.55560302734375,4002.759033203125
2024-09-23,868.1651000976562,685.522705078125,1311.7781982421875,1821.2025146484375,3025.492919921875,12547.294921875,150.480712890625,3987.4384765625
2024-09-24,872.2350463867188,712.6239624023438,1308.50341796875,1823.2672119140625,3049.7978515625,12602.201171875,156.8716583251953,3990.054443359375
2024-09-25,877.686279296875,713.2196044921875,1313.7132568359375,1820.0982666015625,3066.414306640625,12648.4013671875,157.97592163085938,3993.277099609375
2024-09-26,879.8323364257812,729.3016967773438,1318.87353515625,1824.8516845703125,3155.74658203125,13240.4931640625,161.8358917236328,4009.8583984375
2024-09-27,864.6376953125,741.710693359375,1296.5953369140625,1831.093994140625,3158.276123046875,13351.095703125,162.7544708251953,4024.99169921875
2024-09-30,854.47509765625,750.6947631835938,1263.252685546875,1801.179931640625,3070.2333984375,13096.25390625,164.70889282226562,3987.4384765625
2024-10-01,851.5890502929688,756.0057983398438,1264.6419677734375,1828.7890625,3140.270751953125,13025.025390625,163.22352600097656,4005.56103515625
2024-10-03,829.7838134765625,741.6610107421875,1246.7301025390625,1818.273681640625,3104.905029296875,12511.927734375,163.17466735839844,3954.04296875
2024-10-04,817.771240234375,742.4552001953125,1230.2572021484375,1842.04150390625,2993.40087890625,12470.7744140625,162.94992065429688,3972.25927734375
2024-10-07,798.1119384765625,725.9760131835938,1224.4520263671875,1857.55078125,3035.81005859375,12393.3623046875,160.6143798828125,3991.50244140625
2024-10-08,814.5152587890625,716.5452270507812,1227.13134765625,1871.2354736328125,3140.6181640625,12397.7646484375,155.8846893310547,3973.193359375
2024-10-09,805.6845703125,722.2533569335938,1234.62353515625,1875.2686767578125,3127.870361328125,12624.0654296875,155.43516540527344,3972.9130859375
2024-10-10,820.114501953125,724.83447265625,1233.978515625,1842.8577880859375,3168.84130859375,12805.5009765625,156.0801239013672,3949.04443359375
2024-10-11,814.4905395507812,741.9091796875,1213.635498046875,1858.3189697265625,3109.369140625,12639.8447265625,156.9987030029297,3875.994140625
2024-10-14,832.7931518554688,737.5908813476562,1222.3184814453125,1881.1746826171875,3129.755126953125,12403.6005859375,154.7120361328125,3864.2705078125
2024-10-15,830.81982421875,721.65771484375,1245.8865966796875,1881.558837890625,3130.648193359375,12313.4765625,152.0833282470703,3845.7275390625
2024-10-16,838.565185546875,727.762939453125,1233.6312255859375,1843.9141845703125,3043.5478515625,12251.2998046875,151.7022247314453,3825.316650390625
2024-10-17,825.4178466796875,729.4505615234375,1221.8223876953125,1890.0096435546875,2940.97216796875,12013.720703125,148.9269256591797,3838.441162109375
2024-10-18,829.7098388671875,748.0144653320312,1254.8177490234375,1805.0211181640625,2940.624755859375,11975.484375,151.8488006591797,3860.962158203125
2024-10-21,852.8223876953125,734.215576171875,1249.4095458984375,1779.2364501953125,2974.30419921875,12045.52734375,151.4969940185547,3820.50830078125
2024-10-22,845.841796875,715.0064697265625,1257.7947998046875,1778.132080078125,2864.18896484375,11795.630859375,146.96273803710938,3760.2490234375
2024-10-23,856.3251342773438,711.87939453125,1242.0164794921875,1799.067138671875,2771.235595703125,11828.1796875,145.38943481445312,3807.773193359375
2024-10-24,863.15771484375,685.671630859375,1243.15771484375,1789.4158935546875,2803.823974609375,11637.740234375,145.58486938476562,3790.589111328125
2024-10-25,860.0744018554688,673.8086547851562,1245.8370361328125,1788.1676025390625,2699.164794921875,11379.6826171875,142.53598022460938,3799.6259765625
2024-10-28,855.5357055664062,687.8556518554688,1282.95068359375,1791.3365478515625,2758.83544921875,11360.29296875,145.97576904296875,3830.8095703125
2024-10-29,864.2430419921875,688.5504760742188,1321.6519775390625,1786.4317626953125,2725.007080078125,10927.724609375,146.6402587890625,3816.20068359375
2024-10-30,855.7330322265625,683.3883666992188,1302.1029052734375,1750.3009033203125,2686.119384765625,11135.921875,145.57510375976562,3825.003173828125
2024-10-31,856.2757568359375,681.0554809570312,1282.355224609375,1706.7401123046875,2706.803466796875,10957.849609375,145.1744384765625,3716.189453125
2024-11-01,857.0650634765625,685.8701782226562,1281.90869140625,1710.236572265625,2795.193115234375,10991.0400390625,146.3373260498047,3730.938720703125
2024-11-04,845.6197509765625,669.3909912109375,1267.42041015625,1712.956298828125,2860.96484375,10934.1064453125,143.60113525390625,3712.1630859375
2024-11-05,867.2030029296875,692.4717407226562,1286.7711181640625,1703.77783203125,2876.34130859375,11050.49609375,148.81944274902344,3718.905517578125
2024-11-06,865.9203491210938,703.0442504882812,1292.3779296875,1771.280029296875,2911.16162109375,11232.6748046875,150.11912536621094,3876.50732421875
2024-11-07,861.62841796875,643.3817138671875,1268.908935546875,1751.2237548828125,2868.305908203125,11179.154296875,147.50997924804688,3887.042236328125
2024-11-08,865.525634765625,645.7146606445312,1249.2109375,1777.350341796875,2951.18994140625,11181.9736328125,144.20701599121094,3883.3896484375
2024-11-11,871.3717041015625,650.5789794921875,1259.5810546875,1806.6337890625,2907.2431640625,11277.6376953125,141.70533752441406,3931.803955078125
2024-11-12,847.6424560546875,646.9059448242188,1260.8709716796875,1815.0838623046875,2875.448486328125,11023.78515625,140.88449096679688,3930.5859375
2024-11-13,829.463134765625,622.0382690429688,1244.100341796875,1814.6953125,2776.642333984375,10931.2861328125,135.99844360351562,3886.52734375
2024-11-14,835.087158203125,622.7827758789062,1247.325439453125,1810.9560546875,2784.826416015625,10888.2021484375,134.83555603027344,3882.35986328125
2024-11-18,841.1797485351562,646.3102416992188,1243.852294921875,1759.3822021484375,2824.2099609375,10975.162109375,137.99195861816406,3763.994873046875
2024-11-19,859.507080078125,635.3406982421875,1239.53564453125,1772.300048828125,2925.44677734375,10841.953125,136.28182983398438,3782.77001953125
2024-11-21,858.989013671875,643.3320922851562,1240.974609375,1781.3326416015625,2912.847900390625,10745.1513671875,137.02450561523438,3813.953369140625
2024-11-22,861.15966796875,647.3526000976562,1268.2640380859375,1847.572265625,2988.9365234375,10945.1357421875,139.5261688232422,3974.78564453125
2024-11-25,880.8929443359375,655.0462036132812,1290.9886474609375,1835.3829345703125,3021.32666015625,10907.0986328125,140.39588928222656,4040.804443359375
2024-11-26,880.8683471679688,661.2506713867188,1294.9580078125,1868.8428955078125,2961.40771484375,10826.767578125,141.1776580810547,4076.01416015625
2024-11-27,894.06494140625,656.287109375,1290.740478515625,1869.182861328125,2980.851806640625,10939.9423828125,141.2362823486328,4057.14501953125
2024-11-28,884.6176147460938,645.51611328125,1276.5003662109375,1803.282958984375,2875.59716796875,10832.6044921875,140.1222686767578,3975.06640625
2024-11-29,886.04833984375,651.4227905273438,1290.1451416015625,1804.448486328125,2942.460205078125,10955.623046875,141.2460479736328,3999.366943359375
2024-12-02,890.3156127929688,657.7761840820312,1294.6602783203125,1825.7677001953125,2992.359130859375,11118.955078125,143.07345581054688,4004.79833984375
2024-12-03,900.9715576171875,662.6901245117188,1298.381591796875,1837.714111328125,3003.17236328125,11158.4775390625,143.20046997070312,4029.239501953125
2024-12-04,917.6461791992188,658.222900390625,1305.9730224609375,1834.946044921875,3007.5869140625,11010.6767578125,142.52621459960938,4077.606201171875
2024-12-05,920.4335327148438,665.9661254882812,1326.2664794921875,1879.2352294921875,3047.119384765625,11062.515625,143.71841430664062,4180.2861328125
2024-12-06,915.5494995117188,665.271240234375,1318.5758056640625,1867.1431884765625,3048.508056640625,11196.763671875,144.9105987548828,4162.9150390625
2024-12-09,922.5302124023438,666.0158081054688,1312.1751708984375,1868.3572998046875,3026.931396484375,11159.021484375,146.46437072753906,4169.142578125
2024-12-10,921.5928344726562,664.0303344726562,1320.2626953125,1892.54150390625,3042.45654296875,11078.2958984375,146.89434814453125,4150.78857421875
2024-12-11,919.1261596679688,665.6187133789062,1317.3353271484375,1917.4056396484375,3047.565673828125,11156.9931640625,147.16796875,4146.0126953125
2024-12-12,917.2268676757812,663.831787109375,1319.0718994140625,1929.8863525390625,3043.002197265625,11047.8251953125,147.34385681152344,4171.76513671875
2024-12-13,923.3934936523438,657.27978515625,1334.6021728515625,1942.22119140625,3056.841064453125,11151.8486328125,145.55555725097656,4189.51025390625
2024-12-16,920.1621704101562,648.742431640625,1335.7928466796875,1923.1361083984375,3060.263671875,11156.251953125,144.42198181152344,4134.54150390625
2024-12-17,904.4002685546875,634.7947387695312,1323.5374755859375,1919.78515625,3017.259033203125,10989.60546875,142.36007690429688,4053.3525390625
2024-12-18,893.275634765625,628.3916625976562,1304.087646484375,1922.261962890625,3026.8818359375,10884.6416015625,141.1678924560547,4071.47314453125
2024-12-19,884.790283203125,624.7682495117188,1277.0462646484375,1890.2589111328125,2990.623046875,10838.044921875,139.99522399902344,4000.3505859375
2024-12-20,873.93701171875,618.1170654296875,1278.5347900390625,1866.900390625,2883.186279296875,10784.3271484375,137.47401428222656,3905.208740234375
2024-12-23,888.4902954101562,629.5333251953125,1286.8704833984375,1868.988525390625,2886.11279296875,10706.123046875,138.48056030273438,3893.9716796875
2024-12-24,887.0596313476562,622.882080078125,1287.3170166015625,1854.1768798828125,2905.358154296875,10621.6376953125,137.1808624267578,3913.824462890625
2024-12-26,883.4336547851562,624.172607421875,1287.4161376953125,1852.5743408203125,2951.933837890625,10779.3310546875,137.16131591796875,3904.085205078125
2024-12-27,887.1336669921875,612.9052734375,1297.5382080078125,1861.655517578125,3025.145751953125,10823.8984375,135.74436950683594,3900.10546875
2024-12-30,877.0943603515625,596.723876953125,1284.7369384765625,1851.214599609375,2978.966796875,10683.3203125,133.76063537597656,3894.439697265625
2024-12-31,874.6029663085938,598.0640869140625,1271.83642578125,1825.9617919921875,2983.13330078125,10742.1337890625,134.90396118164062,3834.508056640625
